http://www.exim.gov/pubs/pdf/ebd-w-13.pdf

   Delegated Authority Lenders Bank of America NA Bank of America NA Bank
   of America NA Bank of America NA 200 W Capitol Avenue 101 N 1st Avenue
   Little Rock, AR 72201-1011 Phoenix, AZ 85003-1902 Mr. Gonzalo de
   Quesada Mr. Gonzalo de Quesada Senior Vice President Senior Vice
   President (305)533-2034 (305)533-2034
   gonzalo.dequesada@bankofamerica.com gonzalo.dequesada@bankofamerica.com
   Wells Fargo Bank Arizona NA Wells Fargo Bank Arizona NA Bank One
   Arizona NA Bank One Arizona NA 4832 McDowell Street 241 North Central
   Avenue Phoenix, AZ 85008-4230 Phoenix, AZ 85044 Ms. Rupy Krishnan Ms.
   Martha Gentry Assistant Vice President Vice President (213)253-3515
   (214)290-2905 Email: None Email: None Israel Discount Bank New York
   Israel Discount Bank New York Production Finance International LLC
   Production Finance International LLC 206 N Beverly Drive 405 S State
   College Blvd Beverly Hills, CA 90210 Ste 205 Mr. Hieu T. Nguyen Brea,
   CA 92821-3925 Vice President Mr. Thomas A. Novembrino (310)860-6333
   Managing Director hnguyen@idbla.com (714)257-9818
   tomn@productionfinance.com United Pacific Bank United Pacific Bank
   First Bank & Trust First Bank & Trust 1630 S Azusa Avenue 2395 Willow
   Pass Rd City of Industry, CA 91748-1626 Concord, CA 94520-3275 Mr.
   Richard M. Gill Mr. John A. Prescott Executive Vice President Vice
   President (626)965-6230 (925)246-1068 rgill@upb-la.com
   john.prescott@fbol.com Epic Funding Corp Epic Funding Corp Comerica
   Bank Comerica Bank 50 Oak Ct 9920 S La Cienega Blvd Danville, CA 94526
   Suite 636 Mr. Lee Bren Inglewood, CA 90301-4423 President Mr. Gary K.
   Luxon (888)546-3222 Senior Vice President lee.bren@sjnb.com
   (313)222-4903 gary_k_luxon@comerica.com NOTE: Contact may be listed for
   various banks which have merged. Please use the telephone number listed
   which is for his/her home office. Page 1 Delegated Authority Lenders
   Wells Fargo HSBC Trade Bank Wells Fargo HSBC Trade Bank First Bank &
   Trust First Bank & Trust 2030 Main St Ste 900 4625 Del Amo Blvd Irvine,
   CA 92614-5826 Lakewood, CA 90712 Ms. Rupy Krishnan Mr. David Wong
   Assistant Vice President Senior Vice President (949)251-4115
   (562)663-6513 ahluward@wellsfargo.com david.wong@fbol.com Alco
   Financial Services Alco Financial Services First Bank & Trust First
   Bank & Trust 900 Larkspur Landing Cir 100 Oceangate Ste 230 Suite 350
   Larkspur, CA 94939 Long Beach, CA 90802 Mr. Robert Weisberg Mr. Robert
   D. Garcia President Vice President (415)925-9711 (562)951-5106
   alcofin@att.net robert.garcia@firstbank&trust.com California Export
   Finance Office California Export Finance Office City National Bank City
   National Bank One World Trade Center 606 S Olive St Suite 900 Ste 2110
   Long Beach, CA 90831-0900 Los Angeles, CA 90014-1604 Ms. Caroline V.
   Brown Mr. Phillip J. Bond Director Senior Vice President & Manager
   (562)499-6014 (213)347-2211 cbrown@commerce.ca.gov pbond@cityntl.com
   Preferred Bank Preferred Bank General Bank General Bank 601 S Figueroa
   800 W 6th Street Suite 2000 Los Angeles, CA 90017-2704 Los Angeles, CA
   90017 Ms. Gloria M. Chen Mr. Eddie Lam Senior Vice President Senior
   Vice President & Manager (213)972-4115 (213)891-1188
   gchen@generalbank.com lampb@aol.com United California Bank United
   California Bank Coast Business Credit Corp Coast Business Credit Corp
   601 S Figueroa Street 12121 Wilshire Blvd Stop W6-2 Suite 1111 Los
   Angeles, CA 90017-5704 Los Angeles, CA 90025 Ms. Hana Hrabec-Snyder Mr.
   Larry Placek Vice President Senior Vice President (213)896-7059
   (310)979-7296 hhrabec-snyder@sanwabank.com
   larryp@coastbusinesscredit.com NOTE: Contact may be listed for various
   banks which have merged. Please use the telephone number listed which
   is for his/her home office. Page 2 Delegated Authority Lenders Foothill
   Capital Corp Foothill Capital Corp World Trade Finance Inc World Trade
   Finance Inc 11111 Santa Monica Boulevard 875 N Virgil Avenue Los
   Angeles, CA 90025-3333 Los Angeles, CA 90029-2940 Mr. Brett Marschall
   Mr. Bernd Hermann Vice President President (213)253-3529 (323)660-1277
   Email: None bhwtf@pacbell.net Bank of America NA Bank of America NA
   Manufacturers Bank Manufacturers Bank 555 S Flower Street 515 S
   Figueroa Street Los Angeles, CA 90071 Los Angeles, CA 90071 Mr. Gonzalo
   de Quesada Mr. Roland Schwartz Vice President Vice President
   (305)533-2034 (213)489-8678 gonzalo.quesada@bankofamerica.com
   rschwartz@manubank.com Wells Fargo HSBC Trade Bank Wells Fargo HSBC
   Trade Bank Wells Fargo HSBC Trade Bank Wells Fargo HSBC Trade Bank 333
   S Grand Ave 333 S Grand Ave Suite 800 Suite 800 Los Angeles, CA
   90071-1504 Los Angeles, CA 90071-1504 Mr. Brett Marschall Mr. Joseph
   Rice Relationship Manager Chief Credit Officer (213)253-3529
   (213)253-3528 brettm@wellsfargo.com ricejj@wellsfargo.com Peninsula
   Bank of Commerce Peninsula Bank of Commerce Guaranty Bank of California
   Guaranty Bank of California 10001 Broadway 168 W Garvey Avenue
   Millbrae, CA 94030-2009 Monterey Park, CA 91754-2857 Mr. Anthony Oriti
   Ms. Annie Pan Senior Vice President & Manager Senior Vice President
   (415)782-8610 (626)572-6618 toriti@gbbk.com pan3128@aol.com MFR Trade
   Finance MFR Trade Finance Pacific Mercantile Bank Pacific Mercantile
   Bank 1300 Quail St 450 Newport Center Drive Suite 107 Suite 100 Newport
   Beach, CA 92660-2031 Newport Beach, CA 92660-2031 Mr. Bart Fenmore Mr.
   Stephen F. Gaston President Vice President (800)540-0335 (949)644-8040
   bfenmore @mfrgroup.net sgaston@pmbank.com NOTE: Contact may be listed
   for various banks which have merged. Please use the telephone number
   listed which is for his/her home office. Page 3 Delegated Authority
   Lenders Pacific Republic Capital Corp Pacific Republic Capital Corp
   California Bank & Trust California Bank & Trust 26 Corporate Plaza 400
   20th Street Suite 270 12nd Floor Newport Beach, CA 92660-6498 Oakland,
   CA 94612-1528 Ms. Olivia H. Cheng Ms. Valerie Tracy Executive Vice
   President Vice President (949)718-9811 (213)229-4143
   olivia@pacificrepublic.com tracyv@calbt.com CivicBank of Commerce
   CivicBank of Commerce Citizens Business Bank Citizens Business Bank
   2101 Webster Street 701 N Haven Avenue 14th Floor Ontario, CA 91764
   Oakland, CA 94612-3027 Mr. Kenneth B. Coolidge Mr. Kurt Patz Vice
   President Vice President (909)980-4030 (510)587-1832
   kbcoolidge@cbbank.com kurtpatz@compuserve.com Mid-Peninsula Bank
   Mid-Peninsula Bank Far East National Bank Far East National Bank PO Box
   10860 301 N Lake Avenue Palo Alto, CA 94303-0917 Pasadena, CA 91101 Mr.
   Anthony Oriti Mr. Peter W. Tam Senior Vice President and Manager Senior
   Vice President (415)782-8610 (626)397-6318 toriti@gbbk.com
   ptam@fareastnationalbank.com Bay Area Bank Bay Area Bank California
   Export Finance Office California Export Finance Office 900 Veterans St
   801 K Street Redwood City, CA 94063-4740 Ste 1700 Mr. Anthony Oriti
   Sacramento, CA 95814-4503 Senior Vice President & Manager Mr. Jerry R.
   Avila (415)782-8610 Senior Vice President toriti@gbbk.com (916)323-9576
   javila@commerce.ca.gov First National Bank First National Bank United
   Commercial Bank United Commercial Bank 401 West A Street 711 Van Ness
   Avenue San Diego, CA 92186-5625 San Francisco, CA 94102-3244 Mr. Roger
   Smock Mr. William T. Goldrick Chief Lending Officer Senior Vice
   President (619)233-5588 (415)959-6012 rsmock@fnbsd.com
   bgoldrick@unitedcb.com NOTE: Contact may be listed for various banks
   which have merged. Please use the telephone number listed which is for
   his/her home office. Page 4 Delegated Authority Lenders Greater Bay
   Bancorp Greater Bay Bancorp Union Bank of California NA Union Bank of
   California NA 225 Bush St 400 California Street Ste 330 6th Floor San
   Francisco, CA 94104 San Francisco, CA 94104 Mr. Anthony Oriti Mr.
   Mounir Ghaly Senior Vice President Vice President/Manager (415)782-8659
   (415)765-2712 toriti@gbbk.com mounir.ghaly@uboc.com Banque Nationale de
   Paris Banque Nationale de Paris Trans Pacific National Bank Trans
   Pacific National Bank 180 Montgomery Street 46 2nd Street San
   Francisco, CA 94104-4205 San Francisco, CA 94105-1672 Ms. Inga
   Buschbaum Mr. John K. Wong Vice President Executive Vice President
   (415)772-1352 (415)543-3377 inga.buschbaum@usa.bnpgroup.com
   jwong@tpnb.com Wells Fargo HSBC Trade Bank Wells Fargo HSBC Trade Bank
   Wells Fargo HSBC Trade Bank NA Wells Fargo HSBC Trade Bank NA 525
   Market St 525 Market Street 25th Floor 25th Floor San Francisco, CA
   94105-2708 San Francisco, CA 94105-2708 Ms. Katherine J. Lewis Mr.
   Kenneth J. Petrilla Compliance Officer Senior Vice President
   (415)396-4887 (415)396-8372 lewiskj@wellsfargo.com
   petrilla@wellsfargo.com First Bank & Trust First Bank & Trust SJNB
   Financial Services SJNB Financial Services 550 Montgomery St PO Box
   90460 10th Flr San Jose, CA 95109-2643 San Francisco, CA 94111 Mr.
   Melvin Robbins Mr. Terrance M. McCarthy President President
   (408)947-7343 (415)273-2000 melvin.robbins@sjnb.com
   terry.mccarthy@fbol.com San Jose National Bank San Jose National Bank
   East West Bank East West Bank One N Market Street 475 Huntington Dr San
   Jose, CA 95113 San Marino, CA 91108-2358 Ms. Marina Scott Ms. Sandra M.
   Wong Vice President Executive Vice President (408)947-7562
   (626)799-8998 marina.scott@sjnb.com swong@eastwestbank.com NOTE:
   Contact may be listed for various banks which have merged. Please use
   the telephone number listed which is for his/her home office. Page 5
   Delegated Authority Lenders Silicon Valley Bank Silicon Valley Bank Los
   Robles Bank Los Robles Bank 3003 Tasman Drive 60 Rancho Road Mail Sort
   NC 411 Suite 1 Santa Clara, CA 95054-1191 Thousand Oaks, CA 91362 Mr.
   Larry Fountain Mr. Robert J. Young Senior Vice President & Manager Vice
   President (408)919-0326 (805)373-7140 lfountain@svbank.com
   byoung@losrobelsbank.com China Trust Bank USA China Trust Bank USA Bank
   of the West Bank of the West 22939 Hawthorne Blvd 1450 Treat Blvd 3W
   Torrance, CA 90505-4023 Walnut Creek, CA 94596 Mr. Henry W. Peng Mr. E.
   Michael Begovich President Vice President (310)791-2828 (925)975-3932
   hpeng@chinatrustusa.com begovich@bankconnect.com Comerica Bank
   California Comerica Bank California Bank One Colorado NA Bank One
   Colorado NA 1331 N California Blvd 1125 17th Street Ste 400 Denver, CO
   80202-2025 Walnut Creek, CA 94596 Ms. Martha Gentry Mr. Glenn L.
   Colville Vice President Vice President (214)290-2905 (925)941-1931
   Email: None glenn_l_colville@comerica.com Wells Fargo Bank Colorado NA
   Wells Fargo Bank Colorado NA Pueblo Bank & Trust Pueblo Bank & Trust
   1740 Broadway 301 W 5th St Denver, CO 80274-0001 Pueblo, CO 81003 Ms.
   Rupy Krishnan Mr. John R. Thompson Assistant Vice President Executive
   Vice President (213)253-3515 (719)545-1834 Email: None
   djohnson@pueblobankandtrust.com People's Bank People's Bank GE Capital
   Corporation GE Capital Corporation 850 Main St 40 Old Ridgebury Road
   Bridgeport, CT 06604-4917 Danbury, CT 06810 Mr. Chris Rallo Mr. Robert
   Santimays Vice President Vice President (203)338-4604 (203)205-5231
   clrallo@peoples.com robert.santimays@gecapital.com NOTE: Contact may be
   listed for various banks which have merged. Please use the telephone
   number listed which is for his/her home office. Page 6 Delegated
   Authority Lenders Bank of New York Bank of New York Webster Bank
   Webster Bank 10 Mason Street 185 Asylum St 3rd Floor City Place II, 5th
   Floor Greenwich, CT 06830 Hartford, CT 06103 Ms. Kristin S. McSpedon
   Mr. Paul Pirrotta Vice President Senior Vice President (203)861-1175
   (860)692-1618 kmcspedon@bankofny.com ppirrotta@websterbank.com First
   International Bank/UPS Capital First International Bank/UPS Capital
   Citizens Bank of Connecticut Citizens Bank of Connecticut 280 Trumbull
   St 237 Main Street Hartford, CT 06103-3509 Middletown, CT 06457-0611
   Mr. David Cook Mr. Eric M. Aberbach Director Assistant Vice President
   (860)241-2549 (860)638-4419 cookd@firstinterbank.com
   eric.aberbach@citizensbank.com Union Planters Bank Union Planters Bank
   Bank of America Bank of America 2800 Ponce de Leon Blvd 100 SE 2nd
   Street 8th Flr 15th Floor Coral Gables, FL 33134-6913 Miami, FL 33131
   Ms. Emy Ruiz Mr. Gonzalo de Quesada Senior Vice President Senior Vice
   President (305)774-5254 (305)533-2034 emy.ruiz@unionplanters-fla.com
   gonzalo.dequesada@bankofamerica.com AmTrade International Bank AmTrade
   International Bank BankAtlantic FSB BankAtlantic FSB 777 Brickell
   Avenue 1101 Brickell Avenue Suite 1300 1st Floor Miami, FL 33131-2807
   Miami, FL 33131-3105 Mr. Jack L. Foster Ms. Denise C. Gaudy Senior Vice
   President Senior Vice President (305)536-3950 ex 137 (305)371-8678
   jfoster@mail.amtradebank.com dgaudy@bankatlantic.com Hemisphere
   National Bank Hemisphere National Bank Florida Export Finance Corp
   Florida Export Finance Corp 2159 Coral Way PO Box 526524 Miami, FL
   33145-2627 5600 NW 36th Street Mr. Luis E. Prieto Miami, FL 33152-6524
   Senior Vice President Mr. J. Stephen Fancher (305)856-5600 President &
   CEO lprieto@hnbfl.com (305)870-5027 fefc@gate.net NOTE: Contact may be
   listed for various banks which have merged. Please use the telephone
   number listed which is for his/her home office. Page 7 Delegated
   Authority Lenders AmSouth Bank AmSouth Bank Citizens Trust Bank
   Citizens Trust Bank 100 N Tampa Street 75 Piedmont Avenue Suite 3400
   Atlanta, GA 30303 Tampa, FL 33602 Mr. Willard C. Lewis Mr. Randy L.
   Phillips Senior Vice President & COO Vice President (404)653-2815
   (813)226-1259 willard.lewis@ctbatl.com rlphillips@amsouth.com SunTrust
   Bank SunTrust Bank Georgia Dept of Industry Trade and Tourism Georgia
   Dept of Industry Trade and Tourism 25 Park Place NE 285 Peachtree
   Center Avenue NE 13th Floor (MC 061) Suite 1100 Atlanta, GA 30303
   Atlanta, GA 30303-1230 Ms. Catherine M. Mathis Mr. Kevin Langston Vice
   President Export Assistance Coordinator (404)581-1282 (404)657-1900
   catherine.mathis@suntrust.com klangston@itt.state.ga.us SouthTrust Bank
   SouthTrust Bank AmTrade International Bank AmTrade International Bank
   600 West Peachtree Street NE One Midtown Plaza Ste 1105 One Georgia
   Center 1360 Peachtree Street, NE Atlanta, GA 30308 Atlanta, GA 30309
   Mr. H. Christian Pirkle Mr. Michael P. Filchock Vice President Vice
   President 404-853-5487 (404)898-1100 chris.pirkle@southtrust.com
   mfilchock@mindspring.com Bank of America NA Bank of America NA Fleet
   Capital Corporation Fleet Capital Corporation 3350 Riverwood Pkwy 300
   Galleria Pkwy SE Atlanta, GA 30339 Suite 800 Mr. Gonzalo de Quesada
   Atlanta, GA 30339-5949 Senior Vice President Mr. Christopher Baker
   (305)533-2034 Vice President gonzalo.dequesada@bankofamerica.com
   (617)346-5471 christopher_baker@fleetcapital.com Bank of Guam Bank of
   Guam Wells Fargo Bank Iowa NA Wells Fargo Bank Iowa NA 111 Chalan Santo
   Papa Seventh and Walnut Sts 2nd Floor Des Moines, IA 5030-4010 Hagatna,
   GU 96932 Mr. Brett Beugen Mr. William D. Leon Guerrero Assistant Vice
   President Executive Vice President (612)316-2348 (671)472-5273 Email:
   None wdguerrero@bankofguam.com NOTE: Contact may be listed for various
   banks which have merged. Please use the telephone number listed which
   is for his/her home office. Page 8 Delegated Authority Lenders Bank of
   America NA Bank of America NA Bank of America NA Bank of America NA
   6200 Aurora Avenue 421 N Cole Rd Urbandale, IA 50322 Boise, ID 83704
   Mr. Gonzalo de Quesada Mr. Gonzalo de Quesada Senior Vice President
   Senior Vice President (305)-533-2034 (305)533-2034
   gonzalo.dequesada@bankofamerica.com gonzalo.dequesada@bankofamerica.com
   Firstar Bank NA Firstar Bank NA Bank of America NA Bank of America NA
   30 N Michigan Avenue 231 La Salle Street Ste 300 Chicago, IL 60604
   Chicago, IL 60602 Mr. Gonzalo de Quesada Ms. Jacqueline Meredith Senior
   Vice President Vice President (305)533-2034 (312)696-1438
   gonzalo.dequesada@bankofamerica.com jacqueline_meredith@firstar.com US
   Bank US Bank LaSalle Bank NA LaSalle Bank NA 400 N Michigan Ave 4747 W
   Irving EP-IL-0585 Chicago, IL 60641 Chicago, IL 60611 Mr. Lawrence Ryan
   Ms. Carolyn M. Rothzen Executive Vice President Vice President
   (773)202-2810 (312)836-6655 lawrence.ryan@abnamro.com.
   carolyn.rothzen@usbank.com Heller Financial Inc Heller Financial Inc
   ABN Amro Bank NA ABN Amro Bank NA 500 W Monroe St 135 S LaSalle Street
   Chicago, IL 60661 Suite 760 Mr. Dennis P. Lockhart Chicago, IL
   60674-1000 Executive Vice President Ms. Nancy Biondi (312)441-7042
   Corporate Finance Officer denlockhrt@aol.com (312)904-7918
   nancy.biondi@abnamro.com Home State Bank Home State Bank LaSalle Bank
   FSB LaSalle Bank FSB 40 Grant Street 1000 S York Road Crystal Lake, IL
   60014-1704 Elmhurst, IL 60126-5122 Mr. Keith A. Leathers Mr. Albert
   Harker Senior Vice President President (815)459-2000 (630)941-6633
   kaleathers@homestbk.com albert.harker@abnamro.com NOTE: Contact may be
   listed for various banks which have merged. Please use the telephone
   number listed which is for his/her home office. Page 9 Delegated
   Authority Lenders Wells Fargo Bank Illinois NA Wells Fargo Bank
   Illinois NA Transcap Trade Finance Transcap Trade Finance 200 E Main St
   900 Skokie Blvd Galesburg, IL 61401-4707 Suite 210 Mr. Brett Beugen
   Northbrook, IL 60062-1591 Assistant Vice President Mr. Michael Sear
   (612)316-2348 Executive Vice President Email: None (847)753-9600
   msear@transcaptrade.com United Financial Mortgage Corp United Financial
   Mortgage Corp Bank One Illinois NA Bank One Illinois NA 600 Enterprise
   Dr East Old State Capitol Plaza Ste 206 Springfield, IL 62701-1121 Oak
   Brook, IL 60523-1107 Ms. Martha Gentry Mr. Joseph Khoshabe Vice
   President President (214)290-2905 (630)571-7222x112 Email: None Email:
   None Wells Fargo Bank Indiana NA Wells Fargo Bank Indiana NA Bank One
   Indiana NA Bank One Indiana NA 111 E Wayne St 111 Monument Circle Fort
   Wayne, IN 46802-2603 Suite 1800 Mr. Brett Beugen Indianapolis, IN
   46277-0001 Assistant Vice President Ms. Martha Gentry (612)316-2348
   Vice President Email: None (214)2902905 Email: None 1st Source Bank 1st
   Source Bank National City Bank of Kentucky National City Bank of
   Kentucky PO Box 1602 101 S Fifth Street South Bend, IN 46634
   Louisville, KY 40202-3101 Mr. Keith Cavanaugh Mr. Robert Count Int'l
   Banking Officer Vice President (219)235-2180 (502)581-4200
   cavanaughk@1stsource.com Email: None Bank One Kentucky NA Bank One
   Kentucky NA Bank One Louisiana NA Bank One Louisiana NA 416 W Jefferson
   Street 451 Florida Street Louisville, KY 40202-3202 Baton Rouge, LA
   70801-1700 Ms. Martha Gentry Ms. Martha Gentry Vice President Vice
   President (214)290-2905 (214)290-2905 Email: None Email: None NOTE:
   Contact may be listed for various banks which have merged. Please use
   the telephone number listed which is for his/her home office. Page 10
   Delegated Authority Lenders Whitney National Bank Whitney National Bank
   Hibernia National Bank Hibernia National Bank 201 Camp Street 313
   Carondolet Street New Orleans, LA 70130 New Orleans, LA 70130-3109 Mr.
   Thomas Pawlyshyn Ms. Jan White Tanner Vice President/Manager Vice
   President (504)586-7394 (504)533-5869
   tpawlyshyn@whitneynationalbank.com jtanner@hiberniabank.com Citizens
   Bank of Massachusetts Citizens Bank of Massachusetts Citizens Bank of
   Massachusetts Citizens Bank of Massachusetts 28 State Street 28 State
   Street Boston, MA 02109 15th Floor Mr. Joseph W. Mooney Boston, MA
   02109 Vice President Ms. Marina Grossi (617)725-5776 Vice President
   joe.mooney@citizensbank.com (617) 725-5675
   marina.grossi@citizensbank.com GE Capital Trade Finance GE Capital
   Trade Finance Sovereign Bank New England Sovereign Bank New England 4
   Liberty Square 75 State Street 5th Floor Boston, MA 02109 Boston, MA
   02109 Mr. Michael M. Laffan Mr. Robert M. Chadwick Vice President Vice
   President (617)757-5688 (617)330-2650 mlaffan@sovereignbank.com
   bob.chadwick@gecapital.com Eastern Bank Eastern Bank Bank Boston Bank
   Boston 53 State Street 100 Federal Street Boston, MA 02109-2809 MA DE
   10024A Mr. Paul K. Kurker Boston, MA 02110 Vice President Mr. Robert S.
   Haight (617)263-2486 Assistant Vice President pkurker@easternbk.com
   (617)434-7766 robert_haight@fleet.com Fleet National Bank Fleet
   National Bank State Street Bank State Street Bank 100 Federal St 225
   Franklin Street MA-BOS-0110-04 MAO-18 Boston, MA 02110 Boston, MA 02110
   Mr. Christopher Baker Mr. James R. Bender Vice President Vice President
   (617)434-5504 (617)664-6413 Email: None jbender@fmg-statestreet.com
   NOTE: Contact may be listed for various banks which have merged. Please
   use the telephone number listed which is for his/her home office. Page
   11 Delegated Authority Lenders Massachusetts Development Finance Agency
   Massachusetts Development Finance Agency First International Bank First
   International Bank 75 Federal St 175 Federal St 10th Floor Boston, MA
   02110-2205 Boston, MA 02110-1913 Mr. David Cook Mr. Eric E. Hunter
   Senior Vice President Vice President (617)357-0500 (617)451-2477 Email:
   None ehunter@massdevelopment.com First International Bank First
   International Bank Allfirst Bank Allfirst Bank One Monarch Place 25 S
   Charles St Springfield, MA 01144 15th Flr Mr. Mark Korman Baltimore, MD
   21201-3330 Vice President Mr. W. Fontaine Bell (413)827-4980 SVP -
   International Banking kormanm@firstinterbank.com (410)244-4512
   fontaine.bell@allfirst.com Bank of America NA Bank of America NA
   Maryland Industrial Development Financing Authority Maryland Industrial
   Development Financing Authority 10 Light Street 217 E Redwood St
   Baltimore, MD 21202 22nd Floor Mr. Gonzalo de Quesada Baltimore, MD
   21202-3316 Senior Vice President Mr. William L. Green (305)533-2034
   Relationship Manager gonzalo.dequesada@bankofamerica.com (410)767-6383
   wgreen@mdbusiness.state.md.us Production Finance International LLC
   Production Finance International LLC National City Bank National City
   Bank 9200 Falls Bridge Lane 1001 South Worth Street Potomac, MD
   20854-1712 Birmingham, MI 48009-1324 Mr. Mark Landes Mr. Robert H.
   Count Principal Vice President (301)983-2882 (248)901-2031
   markl@productionfinance.com bob.h.count@nationalcity.com Bank One
   Michigan Bank One Michigan Comerica Bank Comerica Bank 611 Woodward
   Avenue PO Box 75000 Detroit, MI 48226-3408 Detroit, MI 48275-3336 Ms.
   Martha Gentry Mr. Gary K. Luxon Vice President First Vice President
   (214)290-2905 (313)222-4903 Email: None gary_k_luxon@Comerica.com NOTE:
   Contact may be listed for various banks which have merged. Please use
   the telephone number listed which is for his/her home office. Page 12
   Delegated Authority Lenders First International Bank First
   International Bank Standard Federal Bank Standard Federal Bank 12900
   Hall Road 2600 West Big Beaver Road Suite 270 Troy, MI 48084-3323
   Sterling Height, MI 48313-1152 Mr. Edward J. Miller Ms. Judith Burke
   Executive Vice President Vice President (248)637-5030 (412)281-9020
   chip.miller@abnamro.com burkej@firstinterbank.com US Bank US Bank Wells
   Fargo Business Credit Wells Fargo Business Credit 601 2nd Avenue South
   Norwest Center MPFP 2619 6th and Marquette Avenue Minneapolis, MN
   55402-4302 Minneapolis, MN 55479 Mr. John Leavitt Mr. Brett Marschall
   Vice President Vice President (651)298-6049 (213)253-3529
   john.leavitt@firstar.com Email: None Wells Fargo Bank Minnesota NA
   Wells Fargo Bank Minnesota NA Bremer Bank NA Bremer Bank NA 6th St and
   Marquette Avenue 445 Minnesota Street Minneapolis, MN 55479-0001 Suite
   2000 Mr. Brett Beugen St Paul, MN 55101 Assistant Vice President Ms.
   Marcela R. Soto (612)316-2348 Vice President
   brett.a.beugen@wellsfargo.com (651)312-3725 mrsoto@bremer.com Bank of
   Belton Bank of Belton Bank of America NA Bank of America NA 204 Main
   Street 1200 Main Belton, MO 64012 Kansas City, MO 64105 Mr. Ronald J.
   Martino Mr. Gonzalo de Quesada Senior Vice President Senior Vice
   President (816)331-4888 (305)533-2034 rmartino@bankofbelton.com
   gonzalo.dequesada@bankofamerica.com UMB Bank NA UMB Bank NA First Bank
   & Trust First Bank & Trust 1010 Grand Boulevard 135 N Meramac Avenue
   P.O. Box 419226 St. Louis, MO 63105 Kansas City, MO 64106-6226 Mr.
   Donald W. Williams Mr. Garnett S. Smith Executive Vice President Senior
   Vice President & Manager (314)995-5401 (816)860-7529
   don.williams@fbol.com garnett.smith@umb.com NOTE: Contact may be listed
   for various banks which have merged. Please use the telephone number
   listed which is for his/her home office. Page 13 Delegated Authority
   Lenders First International Bank First International Bank Firstar
   Business Credit Firstar Business Credit 7777 Bonhomme 8820 Ladue Road
   Suite 1400 3rd Floor St. Louis, MO 63105 St. Louis, MO 63124-2096 Mr.
   David Cook Mr. Steven C. Gonzales Senior Vice President Vice President
   (314)854-1367 (314)889-0754 Email: None steven_ c_
   gonzales.stl.mtl@firstar Wells Fargo Bank Montana NA Wells Fargo Bank
   Montana NA Bank of America NA Bank of America NA 175 N 27th St 100 N
   Tryon Street Billings, MT 59101-2048 Charlotte, NC 28255-0001 Mr. Brett
   Beugen Mr. Gonzalo de Quesada Assistant Vice President Senior Vice
   President (612)316-2348 (305)533-2034 Email: None
   gonzalo.dequesada@bankofamerica.com Wells Fargo Bank North Dakota NA
   Wells Fargo Bank North Dakota NA Wells Fargo Bank Nebraska NA Wells
   Fargo Bank Nebraska NA 406 Main Avenue 1919 Douglas St Fargo, ND
   58126-0001 Omaha, NE 68103 Mr. Brett Beugen Mr. Brett Beugen Assistant
   Vice President Assistant Vice President (612)312-2348 (612)316-2348
   Email: None Email: None First National Bank of Omaha First National
   Bank of Omaha Bank of New Hampshire Bank of New Hampshire 1620 Dodge
   Street 353 Central Avenue Omaha, NE 68197 Dover, NH 03820-3406 Mr. Paul
   F. Warfield Mr. Daniel J. Hussey Vice President Vice President
   (402)633-3383 (603)740-8014 Email: None dhussey@banknorth.com Citizens
   Bank of New Hampshire Citizens Bank of New Hampshire Summit Bank Summit
   Bank 875 Elm Street 750 Walnut Avenue Elm 3-1 Cranford, NJ 07016-3372
   Manchester, NH 03101-1115 Mr. Gerald J. Galdieri Ms. Marina Grossi Vice
   President Vice President (908)709-5317 (617)725-5675
   galdieri@summitbank.com marina.grossi@citizensbank.com NOTE: Contact
   may be listed for various banks which have merged. Please use the
   telephone number listed which is for his/her home office. Page 14
   Delegated Authority Lenders First International Bank First
   International Bank First International Bank First International Bank
   1776 On The Green 1776 On The Green 67 Park Place 67 Park Place
   Morristown, NJ 07960-4012 Morristown, NJ 07960-4012 Mr. David Cook Mr.
   Steven Eisenberg Senior Vice President Vice President (973)682-9900
   (973)682-9900 Email: None eisenbergs@firstinterbank.com Wells Fargo
   Bank New Mexico NA Wells Fargo Bank New Mexico NA Bank of America NA
   Bank of America NA 200 Lomas Boulevard NW 303 Roam Avenue Albuquerque,
   NM 87102-2258 Albuquerque, NM 87102-2251 Mr. Brett Marschall Mr.
   Gonzalo de Quesada Vice President Senior Vice President (213)253-3529
   (305)533-2034 Email: None gonzalo.dequesada@bankofamerica.com First
   Security Bank of New Mexico NA First Security Bank of New Mexico NA
   Bank of America NA Bank of America NA PO Box 1305 300 S 4th Street
   Albuquerque, NM 87103-1305 Las Vegas, NV 89101-1078 Mr. Randal Roberts
   Mr. Gonzalo de Quesada Senior Vice President Senior Vice President
   (801) 246-5263 (305)533-2034 rroberts@fscnet.com
   gonzalo.dequesada@bankofamerica.com Wells Fargo Bank Nevada FSB Wells
   Fargo Bank Nevada FSB First Security Bank of Nevada First Security Bank
   of Nevada 3300 W Sahara Avenue 1690 E Flamingo Las Vegas, NV 89102-6013
   Las Vegas, NV 89119 Ms. Rupy Krishnan Mr. Randal Roberts Assistant Vice
   President Senior Vice President (213)253-3515 (801) 246-5604 Email:
   None rroberts@fsgnet.com Erie County Industrial Development Agency Erie
   County Industrial Development Agency HSBC Bank USA HSBC Bank USA 275
   Oak St 1 Marine Midland Center Buffalo, NY 14203 24th Floor Mr. Edward
   J. Arnold Buffalo, NY 14203-2840 Director Mr. Paul E. Martin
   (716)856-6525 Executive Vice President earnold@ecidany.com
   (716)841-5891 pemartin@us.hsbc.com NOTE: Contact may be listed for
   various banks which have merged. Please use the telephone number listed
   which is for his/her home office. Page 15 Delegated Authority Lenders
   Manufacturers and Traders Trust Manufacturers and Traders Trust
   Metropolitan Bank Metropolitan Bank One Fountain Plz 2 Park Avenue 14th
   Flr Buffalo, NY 14230 New York, NY 10016 Mr. David N. Richardson Mr.
   Moshe Rosenwasser Vice President Senior Vice President (716)848-7340
   (212)683-0800 drichardson@mntbank.com mrosenwasser@metbank.y.com Israel
   Discount Bank of New York Israel Discount Bank of New York European
   American Bank European American Bank 511 Fifth Avenue 335 Madison
   Avenue New York, NY 10017 New York, NY 10017-4605 Ms. Lissa L. Baum Ms.
   Lori Skapper Senior Vice President Vice President (212)551-8751
   (212)503-2419 lbaum@idbny.com lori.skapper@eab.com DCD Capital LLC DCD
   Capital LLC National Bank of Canada National Bank of Canada 57 W 38th
   St 2nd Flr 125 W 55th Street New York, NY 10018 23rd Floor Mr. Gene
   Sica New York, NY 10019-3310 Vice President Ms. Kathi L. Gilbert
   (212)849-9231 Vice President g.sica@dcdcapital.com (212)632-8531
   gilbert@nboc.com Chase Manhattan Bank NA Chase Manhattan Bank NA
   National Bank of Egypt NY Branch National Bank of Egypt NY Branch 600
   Fifth Avenue 40 E 52nd St 5th Floor 22nd Floor New York, NY 10020 New
   York, NY 10022-5911 Ms. Jacqueline A. Kaiko Mr. Carmelo Foti Senior
   Vice President Vice President (212)899-1529 (212)326-8128
   jacqueline.kaiko@chase.com cfoti@nbeny.com Fleet Bank NA Fleet Bank NA
   CIT Group / Commercial Services Inc CIT Group / Commercial Services Inc
   1185 Avenue of the Americas 1211 Avenue of the Americas New York, NY
   10036 New York, NY 10036-8701 Mr. Christopher Baker Mr. Gerard T.
   Trupia Vice President Vice President (617)346-5479 (212)382-7221 Email:
   None gtrupia@citigroup.com NOTE: Contact may be listed for various
   banks which have merged. Please use the telephone number listed which
   is for his/her home office. Page 16 Delegated Authority Lenders Arab
   Banking Corp Arab Banking Corp GMAC Commercial Credit LLC GMAC
   Commercial Credit LLC 277 Park Avenue 1290 Avenue of the Americas 32nd
   Floor New York, NY 10104 New York, NY 10072-3299 Mr. Richard Mermer Mr.
   Lamine Djilani Vice President Senior Vice President (212)408-7137
   (212)326-8109 Email: None lamine.djilani@arabbanking.com First
   International Bank First International Bank Fifth Third Bank Fifth
   Third Bank 710 Bausch & Lomb Place 38 Fountain Square Plz Rochester, NY
   14604-1314 Cincinnati, OH 45263-0001 Mr. David Cook Mr. Carlos E. Sosa
   Senior Vice President Assistant Vice President (716)246-0430
   (513)744-7032 Email: None carlos.s@53intl.com Key Bank NA Key Bank NA
   Huntington National Bank Huntington National Bank 127 Public Square 41
   S High St 7th Floor HC1245 Cleveland, OH 44114-1306 Columbus, OH
   43215-6101 Mr. Leon M. Wahba Mr. Brian C. McCarthy Vice President Vice
   President (216)689-3557 (614)480-3927 leon_m_wahba@keybank.com
   brian_mccarthy@huntington.com First International Bank First
   International Bank Wells Fargo Bank Ohio NA Wells Fargo Bank Ohio NA
   25000 Great Northern Corp Center 114 E Main St Suite 3000 Van Wert, OH
   45891-1725 North Olmstead, OH 44070 Mr. Brett Beugen Ms. Judith Burke
   Assistant Vice President Vice President (612)316-2348 (440)779-3202
   Email: None burkej@firstinterbank.com Bank One Oklahoma NA Bank One
   Oklahoma NA Bank of America NA Bank of America NA 100 North Broadway
   515 S Boulder Avenue Oklahoma City, OK 73102-4205 Tulsa, OK 74103 Ms.
   Martha Gentry Mr. Gonzalo de Quesada Vice President Senior Vice
   President (214)290-2905 (305)533-2034 Email: None
   gonzalo.dequesada@bankofamerica.com NOTE: Contact may be listed for
   various banks which have merged. Please use the telephone number listed
   which is for his/her home office. Page 17 Delegated Authority Lenders
   American Bank and Trust Co American Bank and Trust Co Arvest State Bank
   Arvest State Bank 6100 S Yale Avenue 4500 S Garnett Road One Warren
   Place, P.O. Box 3339 Suite 100 Tulsa, OK 74136-1902 Tulsa, OK
   74146-5201 Mr. Gregory W. Rusco Mr. Dennis Colvard Vice President
   Senior Vice President (918)481-3816 (918)631-6804 abtcloan@ionet.net
   dcolvard@arvest.com Bank of Oklahoma NA Bank of Oklahoma NA Bank of
   America NA Bank of America NA 1 Williams Center 121 SW Morrison Street
   Tulsa, OK 74172-0001 Portland, OR 97204 Mr. Randy Kellogg Mr. Gonzalo
   de Quesada Vice President Senior Vice President (405)272-2099
   (305)533-2034 rkellogg@bokf.com gonzalo.dequesada@bankofamerica.com
   First Commonwealth Bank First Commonwealth Bank Jefferson Bank/Hudson
   United Bank Jefferson Bank/Hudson United Bank 654 Philadelphia Street
   1845 Walnut St 1st Floor, Corporate Banking 10th Floor Indiana, PA
   15071 Philadelphia, PA 19103-4708 Mr. Paul J. Oris Mr. Arthur M.
   Birenbaum Vice President First Vice President (724)463-2552
   (215)861-7023 pjoris@yourinter.net abirenb@jeffbanks.com First
   International Bank First International Bank First Union National Bank
   First Union National Bank 1 Commerce Square 1339 Chestnut Street 2005
   Market Street PA 4818 Philadelphia, PA 19103-7098 Philadelphia, PA
   19107-3426 Mr. David Cook Ms. Alison Price Senior Vice President Vice
   President (215)587-6486 (215)973-2724 Email: None
   alison.price@capmark.funb.com First International Bank First
   International Bank PNC Bank NA PNC Bank NA 301 Grant Street 620 Liberty
   Avenue Pittsburgh, PA 15219 Two PNC Plaza - 11th Floor Ms. Judith Burke
   Pittsburgh, PA 15222 Vice President Mr. Robert P. Mayer (412)281-9020
   Vice President - Manager burkej@firstinterbank.com (412)762-2585
   robert.mayer@pncbank.com NOTE: Contact may be listed for various banks
   which have merged. Please use the telephone number listed which is for
   his/her home office. Page 18 Delegated Authority Lenders National City
   Bank of Pennsylvania National City Bank of Pennsylvania Mellon Bank NA
   Mellon Bank NA National City Center 500 Grant St 20 Stanwix Street Ste
   4535, One Mellon Bank Center Pittsburgh, PA 15222-4802 Pittsburgh, PA
   15258-0001 Mr. Robert Count Mr. Bart A. Rauluk Vice President Vice
   President & Director (412)644-8111 (412)234-4371 Email: None
   rauluk.ba@mellon.com Citizens Bank of Rhode Island Citizens Bank of
   Rhode Island First International Bank First International Bank 870
   Westminister Street 55 Dorrance Street Providence, RI 02903-1344
   Providence, RI 02903-1344 Mr. Eric M. Aberbach Ms. Judith Burke Vice
   President Vice President (401)282-2219 (401)553-2400
   eric.aberbach@citizensbank.com burkej@firstinterbank.com Carolina
   Capital Investment Corp Carolina Capital Investment Corp Wells Fargo
   Bank South Dakota NA Wells Fargo Bank South Dakota NA 1441 Main St 101
   N Phillips Avenue Suite 900 Sioux Falls, SD 57104-6714 Columbia, SC
   29201-2344 Mr. Brett Beugen Mr. Charlton Whipple Assistant Vice
   President Senior Vice President (612)316-2348 (803)461-3801 Email: None
   cwhipple@carolinacapital.net Bank of America NA Bank of America NA EPK
   Financial Corp EPK Financial Corp 414 Union Street 2711 Cedar Springs
   Rd Nashville, TN 37219 Dallas, TX 75201-1334 Mr. Gonzalo de Quesada Mr.
   Edward P. King Senior Vice President President (305)533-2034
   (214)871-0055 gonzalo.dequesada@bankofamerica.com
   eking@kingtradecapital.com Bank One International Corp Bank One
   International Corp Bank One Texas NA Bank One Texas NA 1700 Pacific
   Avenue 1717 Main Street 21st Floor, TX1-2805 Dallas, TX 75201-7322
   Dallas, TX 75201-7322 Ms. Martha Gentry Ms. Martha Gentry Vice
   President Vice President (214)290-2905 (214)290-2905
   martha_gentry@mail.bankone.com martha_gentry@mail.bankone.com NOTE:
   Contact may be listed for various banks which have merged. Please use
   the telephone number listed which is for his/her home office. Page 19
   Delegated Authority Lenders Production Finance International LLC
   Production Finance International LLC Comerica Bank Comerica Bank 4054
   McKinney Avenue 6260 E Mockingbird Lane Suite 212 2nd Floor Dallas, TX
   75204-2911 Dallas, TX 75214-2619 Mr. Fred Waldkoetter Mr. Lance D.
   Gilliam Senior Vice President Vice President (214)219-2000
   (214)828-5962 fredw@productionfinance.com lance_d_gilliam@comerica.com
   Bank of Texas NA Bank of Texas NA Washington Mutual Bank Washington
   Mutual Bank 5956 Sherry Lane Ste 1100 10501 N Central Expressway
   Dallas, TX 75225 Suite 106 Mr. Russell Weldon Dallas, TX 75231-2203
   Vice President Mr. Keith A. Schmidt (214)987-8857 Vice President
   rweldon@mail.bokf.com (214)691-8600 kschmidt@washingtonmutualbank.com
   Maxim Bank Maxim Bank Bank of America NA Bank of America NA 2401
   Termini Street 700 Louisana Street Dickinson, TX 77539 Houston, TX
   77002 Mr. Ronald C. Lemon Mr. Gonzalo de Quesada President Senior Vice
   President (281)337-9319 (305)533-2034 rlemon@maximbank.com
   gonzalo.dequesada@bankofamerica.com Chase Manhattan Bank Chase
   Manhattan Bank Southwest Bank of Texas NA Southwest Bank of Texas NA
   712 Main Street 4400 Post Oak Pkwy CBBS-26, Mezzanine Level Houston, TX
   77027-3400 Houston, TX 77002-3223 Ms. Laura C. McWilliams Mr. Robert H.
   Blades Senior Vice President Senior Vice President (713)235-8887
   (713)216-6328 lauram@swbanktx.com robert.blades@chase.com American
   First National Bank American First National Bank Sterling Bank Sterling
   Bank 9999 Bellaire Blvd 10260 Westheimer Houston, TX 77036 Suite 380
   Ms. Sherry Miles Houston, TX 77042 President/CEO Mr. Raymond T. de Sola
   (713)596-2820 Manager sherrym@afnb.com (713)507-7182
   rdesola@banksterling.com NOTE: Contact may be listed for various banks
   which have merged. Please use the telephone number listed which is for
   his/her home office. Page 20 Delegated Authority Lenders Compass Bank
   Compass Bank Banco Popular Banco Popular 24 Greenway Plaza Lobby Area
   9600 Long Point Road Houston, TX 77046 Suite 300 Mr. Michael R.
   Dwiggins Houston, TX 77055-1035 Senior Vice President Mr. Jairo Cadena
   (713)968-8294 President mrdl@compassbnk.com (713)463-2494
   jcadena@bp.com Laredo National Bank Laredo National Bank MetroBank NA
   MetroBank NA 5085 Westheimer 5065 Westheimer Road Ste 400 Suite 1111
   Houston, TX 77056 Houston, TX 77056 Mr. Joe Gonzalez Mr. Dennis Ho
   Assistant Vice President Vice President (713)627-1151 (713)776-3876
   jgonzalez@lnb.com Email: None OmniBank NA OmniBank NA First Bank &
   Trust First Bank & Trust 397 N Sam Houston Pkwy East 8820 Westheimer Rd
   Houston, TX 77060-2402 Houston, TX 77063 Ms. Virginia K. Cazeault Mr.
   David Weaver Senior Vice President Executive Vice President
   (281)999-9202 (713)954-2400 virginiac@omnibank.com
   david.weaver@fbol.com Wells Fargo Bank Texas NA Wells Fargo Bank Texas
   NA Wells Fargo Bank Texas NA Wells Fargo Bank Texas NA 1000 Louisiana
   St 1500 Broadway St Houston, TX 77273 Lubbock, TX 79401-3116 Mr. Brett
   Marschall Mr. Brett Marschall Vice President Vice President
   (213)253-3529 (213)253-3529 Email: None Email: None Frost National Bank
   Frost National Bank Intercontinental National Bank Intercontinental
   National Bank 100 W Houston St 5631 Broadway San Antonio, TX 78205-1400
   San Antonio, TX 78209-5719 Mr. Frank J. Martinez Mr. Steven J.
   Pritchard Senior Vice President President and CEO (210)220-4195
   (210)283-4825 fmartinez@frostbank.com stevepritchard@interconbank.com
   NOTE: Contact may be listed for various banks which have merged. Please
   use the telephone number listed which is for his/her home office. Page
   21 Delegated Authority Lenders Bank One Utah NA Bank One Utah NA Zions
   First National Bank Zions First National Bank 50 West Broadway 1 S Main
   Street Salt Lake City, UT 84101-2020 2nd Floor Ms. Martha Gentry Salt
   Lake City, UT 84111-1909 Vice President Mr. Thomas O. Coleman
   (214)290-2905 Vice President Email: None (801)524-8973
   s185toc@zionsbank.com First Security Bank NA First Security Bank NA
   First International Bank First International Bank 41 E 100 South 12020
   Sunrise Valley Drive Salt Lake City, UT 84111-1912 Suite 270 Mr. Randal
   Roberts Reston, VA 20191-1545 Senior Vice President Mr. David Cook
   (801) 246-5263 Senior Vice President rroberts@fscnet.com (703)391-8020
   cookd@firstinterbank.com Bank of America NA Bank of America NA Howard
   Bank NA Howard Bank NA 111 E Main Street 111 Main Street Richmond, VA
   23219 Burlington, VT 05401-4410 Mr. Gonzalo de Quesada Ms. Susan Whalen
   Senior Vice President Vice President (305)533-2034 (802)860-5563
   gonzalo.dequesada@bankofamerica.com swhalen@bngmail.com Chittenden
   Trust Co DBA Chittenden Bank Chittenden Trust Co DBA Chittenden Bank
   Bank of America NA Bank of America NA 2 Burlington Square 10500 NE 8th
   Street Burlington, VT 05401-4412 Bellevue, WA 98004 Mr. Larry D.
   MacKinnon Mr. Gonzalo de Quesada Senior Vice President Senior Vice
   President (802)660-1520 (305)533-2034 lmackinnon@chittenden.com
   gonzalo.dequesada@bankofamerica.com KeyBank National Association
   KeyBank National Association Production Finance International LLC
   Production Finance International LLC 601 108th Avenue NE 144 Railroad
   Ave WA-31-18-0360 Ste 216 Bellevue, WA 98004 Edmonds, WA 98020 Mr.
   Richard Allen Mr. Clay Freeman Vice President (425)776-3536
   (425)709-4328 clayfproductionfinance.com richard_c_allen@keybank.com
   NOTE: Contact may be listed for various banks which have merged. Please
   use the telephone number listed which is for his/her home office. Page
   22 Delegated Authority Lenders Washington Mutual Bank Washington Mutual
   Bank Washington First International Bank Washington First International
   Bank 1201 Third Ave 9709 3rd Avenue NE Ste 1000 Seattle, WA 98115-2062
   Seattle, WA 98101 Mr. Patrick J. Burke Ms. Christine O. Martin Senior
   Vice President & Chief Credit Officer Vice President (425)528-9304
   (206)461-6726 pat.burke@wfib.com cmartin@washingtonmutualbank.com
   Production Finance International LLC Production Finance International
   LLC Production Finance International LLC Production Finance
   International LLC 905 W Riverside Ave 905 W Riverside Ave Suite 607 Ste
   607 Spokane, WA 99201-0705 Spokane, WA 99201-0705 Mr. Douglas B. Durham
   Mr. R. John Kubiak, Jr. (509)624-6385 President
   dougd@productionfinance.com (509)624-6385 johnk@productionfinance.com
   Washington Trust Bank Washington Trust Bank Bank One Wi
