http://ieeepvsc.nrel.gov/attendees.pdf

   11/20/00 Phoenix Solutions, Inc. Page 1 of 68 Attendee List 28th IEEE,
   Photovoltaic Specialists Conference September 15-22, 2000 Ms. Katia
   Abade Dan Aiken University of Sao Paulo Sandia National Labs Santo
   Andre Mailstop 0753 Sao Paulo, CEP 09190-680 1515 Eubank Blvd. SE
   Brazil Albuquerque, NM 87185-0753 Phone: United States Fax: Phone:
   (505) 284-6607 EMail: kabade@lme.usp.br Fax: (505) 844-6541 EMail:
   djaiken@sandia.gov Armin Aberle University of New South Wales David
   Albin Sydney NSW 2052 NREL Australia 1617 Cole Blvd Phone: 61 2 9385
   4031 MS 3211 Fax: 61 2 9662 4240 Golden, CO 80401 EMail:
   a.aberle@unsw.edu.au United States Phone: (303) 384-6550 Fuad Abulfotoh
   Fax: (303) 384-6531 Arab Academy for Maritime Transportation EMail:
   david.albin@nrel.gov 3 Zaki Osman Street Dokki, Giza Prof. Carlos
   Algora Cairo Instituto de Energia Solar Egypt Ciudad Universitaria
   Phone: 20 3 562 2915 Madrid 28040 Fax: Spain EMail: fuadPV1@intouch.com
   Phone: 34 91 5441 060 Fax: 34 91 5446 341 Prof. Jorge Aguilera EMail:
   algora@ies-def.upm.es University of Jaen Avda. Madrid 35 Mrs. Carole
   Allman Jaen 23071 NREL Spain 1617 Cole Blvd Phone: 34 953 2124 30/34
   Golden, CO 80401 Fax: 34 953 2124 00 United States EMail:
   aguilera@ujaen.es Phone: (303) 384-6555 Fax: (303) 384-6430 Richard
   Ahrenkiel EMail: carole_allman@nrel.gov NREL 1617 Cole Blvd Golden, CO
   80401 United States Phone: (303) 384-6670 Fax: (30) 338-6604 EMail:
   richard_ahrenkiel@nrel.gov Mr. Nowshad Amin Bruce Anspaugh Tokyo
   Instit. of Technology Jet Propulsion Lab 2-12-1, O-okayama 4800 Oak
   Grove Drive Meguro-ku Pasadena, CA 91109 Tokyo 152-8552 United States
   Japan Phone: (818) 354-4790 Phone: 81 3 5734 2661 Fax: (813) 354-3162
   Fax: 81 3 5734 2897 EMail: Bruce.E.Anspaugh@jpl.nasa.gov EMail: Mr.
   Kenji Araki Tim Anderson Toyota Technological Institute University of
   Florida 2-12-1 Hisakaa, Tempaku NEB 150 Nagoya 468-8511 Gainesville, FL
   32611 Japan United States Phone: 81 52 809 1830 Phone: (352) 392-0883
   Fax: 81 52 809 1879 Fax: (352) 392-4126 EMail: araki@toyota-ti.ac.jp
   EMail: tim@nersp.nerdc.ufl.edu Mr. Tetsuya Aramoto Wayne Anderson
   Matsushita Battery Ind. Co. Ltd State University of NY at Buffalo
   Matsushita-Cho 1-1 Room 2176 Bonner Hall Moriguchi 570-8511 Buffalo, NY
   14260 Japan United States Phone: 81 6 6994 4531 Phone: (716) 645-2422
   x1215 Fax: 81 6 6994 7056 Fax: (716) 645-5964 EMail:
   t-aramoto@mti.biglobe.ne.jp EMail: waanders@eng.buffalo.edu Mr. Todd
   Arends Gudrun Andrae Arizona State University East IPHT 7349 East Unity
   Avenue Winzerlaer Str. 10 Mesa, AZ 85212 Jena 07745 United States
   Germany Phone: (480) 727-1220 Phone: 49 3641 302 612 Fax: (480)
   727-1223 Fax: 49 3641 302 603 EMail: arends@asu.edu EMail:
   andrae@uogt-jena.de Satoshi Arimoto V.M. Andreev Mitsubishi Electric
   Corp. Ioffe Physico-Tech.Institute 4-1 Mizuhara 26 Politechnicheskaya
   Str. Itami 664-8641 St. Petersburg 194201 Japan Russia Phone: 81 727 84
   7383 Phone: 812 247 5649 Fax: 81 727 80 2573 Fax: 816 247 1017 EMail:
   sarimoto@lsi.melco.co.jp EMail: andreev@scell.ioffe.rssi.ru Ms. Licia
   Arruda Suparerk Aukkaravittayapun Iniversidade Federal de Minas Gerais
   National Metal & Material Technology Center Rua Guanhaes, 450/201
   Floresta Belo Horizonte 31110-160 73/1 Rama Vi Road Brazil Rajdhevee,
   Bangkok 10400 Phone: 55 31 444 7627 Thailand Fax: Phone: 66 2 6448 8150
   EMail: licia@ieee.org Fax: 66 2 6448 079 EMail: suparerk@mtec.or.th
   Rajeewa Arya BP Solarex Hubert Aulich 3601 LaGrange Parkway PV Silicon
   Toano, VA 23168 Erfurt 99099 United States Germany Phone: (757)
   566-8770 Phone: Fax: (757) 566-4359 Fax: EMail: aryarr@bp.com EMail:
   Hubert.Aulich@PVSilicin.com Sally Asher Mr. Mark Ayres NREL Boeing 1617
   Cole Blvd 8521 International Ave MS 3215 Apt. 148 Golden, CO 80401
   Canoga Park, CA 91304 United States United States Phone: (303) 384-6450
   Phone: (818) 586-3412 Fax: (303) 384-6604 Fax: (818) 586-3031 EMail:
   sally_asher@nrel.gov EMail: mark.ayres@boeing.com Harry Atwater Chuck
   Backus California Inst. Of Technology Arizona State University East
   MS-128-95 7001 E. Williams Field Road Pasadena, CA 91125 Building 20,
   Room 30 United States Mesa, AZ 85212 Phone: (626) 395-2197 United
   States Fax: (626) 449-5678 Phone: (480) 727-1141 EMail:
   haa@daedalus.caltech.edu Fax: (480) 727-1141 EMail: Cbackus@asu.edu
   A.S. Bahaj University of Southampton Southampton SO17 1BJ United
   Kingdom Phone: 44 238 059 2051 Fax: 44 238 067 7519 EMail:
   bahaj@soton.ac.uk Mr. Michael Bail Asok Kumar Barua ZAE Bayern e.V.
   Indian Assn. For the Cultivaton of Science Am. Weichselgarten 7 2 and 3
   Raja S.C. Mullick Road Erlangen D-91058 Calcutta 700032 Germany India
   Phone: 49 9131 691297 Phone: 91 33 473 6612 Fax: 49 9131 691181 Fax: 91
   33 473 6612 EMail: bail@zae.uni-erlangen.de EMail:
   erakb@mahendra.zocs.res.in Sheila Bailey Bulent Basol NASA Glenn
   Research Center NuTool, Inc 21000 Brookpark Road 3001 Maple Ave
   Cleveland, OH 44135 Manhattan Beach, CA 90266 United States United
   States Phone: (216) 433-2228 Phone: (310) 546-9917 Fax: (216) 433-6106
   Fax: (310) 546-7027 EMail: Sheila.Bailey@grc.nasa.gov EMail:
   basolb@earthlink.net Mr. Cosmo Baraona Bala Bathey NASA Glenn Research
   Center ASE Americas, Inc 21000 Brookpark Road 4 Suburban Park Drive MS
   302-1 Billerica, MA 01821 Cleveland, OH 44135 United States United
   States Phone: (978) 947-5914 Phone: (216) 433-5301 Fax: (978) 663-7555
   Fax: (216) 433-6106 EMail: EMail: cocmo.baraona@grc.nasa.gov Guy
   Beaucarne Keith Barnham IMEC Imperial College, London Kapeldreef 75
   Blackett Laboratory Leuven B-3001 London SW7 2BW Belgium United Kingdom
   Phone: 32 16 28 15 45 Phone: 44 207 594 7565 Fax: 32 16 28 15 01 Fax:
   44 207 594 7580 EMail: beaucarn@imec.be EMail: k.barnham@ic.ac.uk Salah
   Bedair Mr. Kurt Barth North Carolina State University Colorado State
   Univwersity Raleigh, NC 27695-7911 Room B120 United States Fort
   Collins, CO 80523-1320 Phone: (919) 515-5204 United States Fax: (919)
   513-3814 Phone: (970) 491-8411 EMail: bedair@eos.ncsu.edu Fax: (970)
   491-8671 EMail: barth@engr.colostate.edu Miroslav Begovic Mr. Sebastien
   Berger Georgia Inst. Of Technology CNRS Van Leer Building 20 Av. A.
   Einstein Atlanta, GA 30332-0250 INSA - Batiment 502 -2 eme etage United
   States Villeurbanne F-69100 Phone: (404) 894-4834 France Fax: (404)
   894-4641 Phone: 33 4 72 65 8738 EMail: miroslav@power.ee.gatech.edu
   Fax: 33 4 72 43 8531 EMail: sebastien.berger@insa-lyon.fr Patrizia
   Bellucci ANAS Mr. Ugo Besi-Vetrella Via Della Stazione Di Cesano ENEA
   Cesano di Roma C.R. Casaccia - Via Rome 00064 Anguillarese 301 Italy
   Rome 00060 Phone: 39 063 043 4012 Italy Fax: Phone: EMail: Fax: EMail:
   besi@casaccia.enea.it Ewa Beltowska-Lehman Polish Academy of Sciences
   Andreas Bett Cracow 30-059 Fraunhofer ISE Poland Oltmannstrasse 5
   Phone: 48 12 637 4200 Freiburg D 79100 Fax: 48 12 637 2192 Germany
   EMail: nmbeltow@imim-par.krakow.pl Phone: 49 1761 4588 257 Fax: 49 761
   4588 250 Mr. John Benner EMail: bett@ise.fhg.de NREL 1617 Cole Blvd Mr.
   Scott Billets MS 3211 Lockheed Martin Space Systems Co Golden, CO 80401
   1111 Lockheed Martin Way United States Building 149 - Dept. L2-30
   Phone: (303) 384-6496 Sunnyvale, CA 94089 Fax: (303) 384-6430 United
   States EMail: john_benner@nrel.gov Phone: (408) 756-4566 Fax: (408)
   742-7701 Klaus Bente EMail: scott.billets@lmco.com Institute fur
   Mineralogie Scharnhorststr.20 Leipzig 04275 Germany Phone: 49 341 9736
   254 Fax: 49 341 9776 299 EMail: bente@rz.uni-leipzig.de Robert Birkmire
   Marika Bodegard Institute of Energy Conversion Angstrom Solar Center
   451 Wyoming Road Regementsv 1 Newark, DE 19716 P.O. Box 534 United
   States Uppsala SE 75121 Phone: (302) 831-6200 Sweden Fax: (302)
   831-6226 Phone: 46 18 471 7249 EMail: Fax: 46 18 555 095 EMail:
   marika.bodegard@angstrom.uu.se Mr. John Bisaillon AstroPower, Inc. Karl
   Boer 461 Wyoming Road University of Delaware Newark, DE 19716-2000 239
   Bucktoe Hills Road United States Kennett Square, PA 19348 Phone: (302)
   366-0400 United States Fax: (302) 368-6474 Phone: (610) 444-3597 EMail:
   jbisaillon@astropower.com Fax: (610) 444-9472 EMail: solpax@aol.com Mr.
   Anuradha Biswas Imperial College Eldon Boes Prince Consort Road NREL
   London SW7 2BZ 409 12th St. S.W. United Kingdom Suite 710 Phone: 44 20
   7594 7587 Washington, DC 20024-2125 Fax: 44 20 7594 7580 United States
   EMail: anuradha.biswas@ic-ac.uk Phone: (202) 651-7525 Fax: (202)
   651-7502 Bernd Bitnar EMail: eldon_boes@nrel.gov Paul Scherrer Institut
   Villigen PSI CH 5232 Ms. Tatiana Bogdan Switzerland KVANT Phone: 41 56
   310 4085 3-d Myticshinskaya, 16 Fax: 41 56 310 2646 Moscow 129626
   EMail: bernd.bitnar@psi.ch Russia Phone: 7095 287 9742 Mr. Norris Blake
   Fax: 7095 287 1871 Space Systems / Loral EMail: kvaneko@mail.cnt.ru
   3825 Fabian Way M/SL-35 Palo Alto, CA 94303 United States Phone: (650)
   852-6307 Fax: (650) 852-7494 EMail: blake.norris@ssd.loral.com Mr. John
   Bohland Otwin Breitenstein First Solar, Inc Max-Planck Inst. Fur
   Mikrostrukturphysik 28101 Cedar Park Blvd. Weinberg 2 Perrysburg, OH
   43551 Halle D-06720 United States Germany Phone: (419) 662-8500 Phone:
   49 345 5582 740 Fax: (419) 662-8525 Fax: 49 345 5577 223 EMail:
   jbohland@firstsolar.com EMail: breiten@mpi-halle.de Dieter Bonnet Mr.
   Tom Brennan ANTEC Emcore Industrie Str. 2 10420 Research, RD SE
   Kelkheim/TS D-65779 Albuquerque, NM 87123 Germany United States Phone:
   49 6195 973 254 Phone: Fax: 49 6195 973 190 Fax: EMail:
   dieter.bonnet@t-online.de EMail: Tom_brennan@emcore.com Matt Boreland
   David Brinker Toyota Technological Institute NASA Glenn Research Center
   2-12-1 Hisakata, Tempaku MS 302-1 Nagoya 468 8511 Cleveland, OH 44135
   Japan United States Phone: Phone: (216) 433-2236 Fax: Fax: (216)
   433-6106 EMail: mboreland@toyota-ti-ac.jp EMail:
   david.brinker@grc.nasa.gov Mr. Ward Bower Ms Corinna Brinkmann Sandia
   National Labs Leckingserstr. 149 1515 Eubank, SE Iserlohn D 58640
   Albuquerque, NM 87187 Germany United States Phone: 49 2371 460 325
   Phone: (505) 844-5206 Fax: 49 2321 944 478 Fax: (505) 844-6541 EMail:
   corinna.brinkmann@envipro.de EMail: wibower@sandia.gov Klaus Brinkmann
   Henry Brandhorst Fern Universitat Hagen Auburn University Feithstrasse
   140 231 Leach Center Hagen D-58084 Auburn, AL 36849 Germany United
   States Phone: 49 2331 982 1182 Phone: (334) 844-5894 Fax: 49 2331 982
   357 Fax: (334) 844-5900 EMail: klaus.brinkmann@fernuni-hagen.de EMail:
   brandhh@auburn.edu Jeff Britt Mr. Michael Butler Global Solar Energy
   Johns Hopkins University 5575 South Houghton Road 11000 Johns Hopkins
   Road Tucson, AZ 85747 Laurel, MD 20723-6099 United States United States
   Phone: (520) 546-6313 Phone: (240) 228-5097 Fax: (520) 546-6318 Fax:
   (240) 228-6099 EMail: jbritt@globalsolar.com EMail:
   Michael.Butler@jhuapl.edu Ms. Connie Brooks Estefania Caamano Martin
   Sandia National Laboratories Instituto de Energia Solar 505 Eubank SE
   Ciudad Universitaria P.O. Box 5800 Madrid 28040 Albuquerque, NM
   87185-0753 Spain United States Phone: 34 91 5441 060 Phone: (505)
   844-4383 Fax: 34 91 5446 341 Fax: (505) 844-6541 EMail:
   estefan@ies-def.upm.es EMail: cjbrook@sandia.gov Patrick Campbell
   Timothy Bruton University of New South Wales BP Solar Sydney NSW 2052
   12 Brooklands Close Australia Sunbury on Thames TW16 7DX Phone: 61 2
   9385 5152 United Kingdom Fax: 61 2 9385 5412 Phone: 44 1932 7659 47
   EMail: p.campbell@unsw.edu.au Fax: 44 1932 765 293 EMail:
   brutontim@bp.com Roberta Campesato CESI Marc Burgelman via Reggio
   Emilia, 30 University of Gent Segrate 20090 Pietersnieuwstraat 41 Italy
   Gent B-9000 Phone: 39 02 2125 8717 Belgium Fax: 39 02 2125 8766 Phone:
   32 9264 3381 EMail: campesato.roberta@cesi.it Fax: 32 9264 35 94 EMail:
   burgelman@elis.rug.ac.be Amanda Cannone AeroVironment Inc Mr. Robert
   Burgess 465-3H Industrial Street Boeing Simi Valley, CA 93063 7739 44th
   Avenue NE United States Seattle, WA 98115 Phone: (805) 581-2187 United
   States Fax: (805) 581-4512 Phone: (253) 657-0588 EMail:
   cannone@aerovironment.com Fax: EMail: robert.m.burgess@boeing.com Mr.
   John Carlin Clifford Champness Ohio State University McGill University
   2015 Neil Ave 3480 University Street Room 205, Dreese Labs Montreal,
   Quebec H3A 2A7 Columbus, OH 43210 Canada United States Phone: 514 398
   7121 Phone: (614) 292-1721 Fax: 514 398 4470 Fax: (614) 292-9562 EMail:
   champnes@ece.mcgill.ca EMail: carlinj@ee.eng.ohio-state.edu Mr. Liau
   Chau-kuang David Carlson Industrial Technology Research BP Solarex
   Bldg.77 195-5 Chung Hsing Road 3601 LaGrange Parkway Section 4, Chutung
   Toano, VA 23168 Hsinchu United States Taiwan Phone: (757) 566-8770
   Phone: 886 3 591 5279 Fax: (757) 566-8779 Fax: 886 3 582 0218 EMail:
   carlsde@bp.com EMail: 880793@itri.org.tw Luis Castaner Ms. Akanksha
   Chaurey UPC TATA Energy Research Inst. Jordi Girona 1 Darbari Seth
   Block Campus Nord Habitat Place, Lodhi Road Barcelona 08034 New Delhi
   110003 Spain India Phone: 34 93 401 6773 Phone: 91 11 468 2111 Fax: 34
   93 4016 756 Fax: 91 11 468 2144 EMail: castaner@eel.upc.es EMail:
   akanska@teri.res.in Gerald Ceasar Mr. Ted Ciszek NIST NREL Building
   101/226 1617 Cole Blvd Bureau Drive Golden, CO 80401 Gaithersburg, MD
   20899 United States United States Phone: (303) 384-6569 Phone: (301)
   975-5069 Fax: (303) 384-6531 Fax: (301) 548-1087 EMail:
   ted_ciszek@nrel.gov EMail: Mr. Paul Clapper Alvin Compaan Spectrolab,
   Inc. University of Toledo 12500 Gladstone Ave Toledo, OH 43606 Sylmar,
   CA 91342 United States United States Phone: (419) 530-4787 Phone: (818)
   898-2875 Fax: (419) 530-2723 Fax: (818) 838-7474 EMail:
   adc@physics.utoledo.edu EMail: pclapper@specgtrolab.com James Connolly
   Mr. Eric Clark Imperial College NASA Glenn Research Center Blackett
   Laboratory 21000 Brookpark Road Prince Consort Road MS 302-1 London SW7
   2BZ Cleveland, OH 44135 United Kingdom United States Phone: Phone: Fax:
   Fax: EMail: j.connolly@ic.ac.uk EMail: eric.clark@grc.nasa.gov Mr.
   Erhard Conrad Hadley Cocks Hahn-Meitner-Institute Duke University
   Kekutestr. 5 1 Science Drive Berlin D-12489 Durham, NC 27708-0300
   Germany United States Phone: 49 30 6705 3370 Phone: (919) 660-5310 Fax:
   49 30 6705 3333 Fax: (919) 660-8963 EMail: conrad-e@hmi.de EMail:
   hadley01@acpub.duke.edu Gerardo S. Contreras-Puente Mr. David Collier
   ESFM dedl Instituto Politechnico Nacional SMUD Edificio 9 U.P.A.L.M.
   4443 Las Encinitas Drive Mexico 0738 Fair Oaks, CA 95628 Mexico United
   States Phone: 52 572 961 39 Phone: (916) 732-5952 Fax: 52 558 629 57
   Fax: (916) 732-6423 EMail: gerardo@esfm.ipn.mx EMail: dcollie@smud.org
   Hector Cotal Robert Collins Spectrolab, Inc. Penn State University 125
   Gladstone Ave 275 Materials Research Lab Sylmar, CA 91342 University
   Park, PA 16802 United States United States Phone: (818) 838-7402 Phone:
   (814) 863-1880 Fax: (818) 838-7474 Fax: (814) 865-2326 EMail:
   hcotal@spectrolab.com EMail: rwc6@psu,edu Jeff Cotter Mr. Jerome Culik
   University of New South Wales AstroPower, Inc. Sydney 2052 461 Wyoming
   Road Australia Newark, DE 19716-2000 Phone: 61 02 9385 4602 United
   States Fax: 61 02 9662 4240 Phone: (302) 366-0400 EMail:
   j.cotter@unsw.edu.au Fax: (302) 368-6474 EMail: jsculik@astropower.com
   Timothy J. Coutts NREL Daniel Cunningham MS 3211 BP Solar 1617 Cole
   Blvd. 2300 North Watney Way Golden, CO 80401 Fairfield, CA 94533 United
   States United States Phone: (303) 384-6561 Phone: (707) 438-3818 Fax:
   (303) 384-6430 Fax: (707) 428-7878 EMail: tim_coutts@nrel.gov EMail:
   cunnindw@bp.com Mr. Henk Cruijssen Mr. Cedric Currin Fokker Space BV
   Currin Corporation Newton weg 1 5307 Sturgeon Ave Leiden D-2303DR
   Midland, MI 48640-2461 The Netherlands United States Phone: 31 71 524
   5372 Phone: (517) 835-7387 Fax: 31 71 524 5375 Fax: (517) 835-7395
   EMail: h.cruijssen@worldonline.nl EMail: currcorp@tm.net Mr. Michael
   Cudzinovic Mr. Henry Curtis SunPower NASA Glenn Research Center 430
   Indio Way 21000 Brookpark Road Sunnyvale, CA 94085 Cleveland, OH 44135
   United States United States Phone: (408) 524-9733 Phone: (216) 433-2231
   Fax: (408) 739-7713 Fax: EMail: mcudzinovic@sunpowercorp.com EMail:
   henry.curtis@grc.nasa.gov Mr. Joseph Cuiffi Mr. Nick Dalacu Penn State
   University Canrom 189 MRI Building 3515 Highland Ave University Park,
   PA 16802 Niagra Falls, NY United States United States Phone: (814)
   865-8382 Phone: (716) 282-2975 Fax: (814) 865-7173 Fax: (905) 526-9341
   EMail: jdc267@psu.edu EMail: dalacu@canrom.com Vikram Dalal Mr. Stefaan
   De Wolf Iowa State University IMEC, VZW Coover Hall Kapeldreet 75 Ames,
   IA 50011 Leuven B-3001 United States Belgium Phone: (515) 294-1077
   Phone: 32(0)16 281 685 Fax: (515) 294-9584 Fax: 32(0)16 281 685 EMail:
   vdalal@iastate.edu EMail: Mr. Benjamin Damiani Satyen Deb Georgia Tech
   NREL c/o Rochelle Kraehe 1617 Cole Blvd Atlanta, GA 30332 0250 MS 3221
   United States Golden, CO 80401 Phone: (404) 894-3630 United States Fax:
   (404) 894-4832 Phone: (303) 384-6405 EMail: gt4592a@prism.gatech.edu
   Fax: (303) 384-6481 EMail: satyen-deb@nrel.gov Debajyoti Das Assn. For
   the Cultivation of Science Mr. Luc Debarge Calcutta CNRS/Phase India 23
   rue du Doess Phone: 91 33 43 6612 Strasbourg Fax: 91 33 473 6612 France
   EMail: erdd@mahendra.iacs.res.in Phone: 33 388 10 6337 Fax: 33 388 10
   335 Mr. Alfonso De Julian EMail: debarge@phase.c-strasbourg.fr
   Iberdrola Generacion Bilbao 48008 Alan Delahoy Spain Energy
   Photovoltaics, Inc Phone: 34 944 151 411 276 Bakers Basin Road Fax: 34
   944 790 193 Lawrenceville, NJ 08648 EMail:
   alfonso.dejulian@iberdrola.es United States Phone: (609) 587-3000 Ms.
   Anna De Lillo Fax: (609) 587-5355 ENEA EMail: via Anguillarese 301 S.
   Maria di Galeria 00060 Italy Phone: 39 06 3048 4007 Fax: 39 06 3048
   4007 EMail: delillo@casaccia.enea.it Mr. Joseph DelCueto Frank Dimroth
   NREL Fraunhofer ISE 1617 Cole Blvd. Oltmannstrasse 5 MS 3411 Freiburg D
   79100 Golden, CO 80401 Germany United States Phone: 49 761 4588 258
   Phone: (303) 384-6104 Fax: 49 761 4588 250 Fax: (303) 384-6790 EMail:
   dimroth@ise.fhg.de EMail: joseph_delcueto@nrel.gov Sonia Diniz Xunming
   Deng CEMIG University of Toledo Av. Barbacena 1200/20 2801 W. Bancroft
   St Andar ala A2 Toledo, OH 43606 Belo Horizonte, M G 30123-970 United
   States Brazil Phone: (419) 530-4782 Phone: Fax: (419) 530-2723 Fax:
   EMail: dengx@physicsutoledo.edu EMail: asacd@cemig.com.br Steffen Deus
   Ewan Dunlop Trace Photonics Incorporated European Commission Building
   9200, Area Y Via Fermi 1 Kirtland Airforce Base East Ispra (Varese)
   21020 Albuquerque, NM 87115 Italy United States Phone: 39 0332 789 090
   Phone: (505) 845-1008 Fax: 39 0332 789 268 Fax: (505) 845-1198 EMail:
   Ewan.Dunlop@jrc.it EMail: SDEUS.TRACEP@ADVANT.NET Ken Durose Neelkanth
   Dhere University of Durham Florida Solar Energy Center South Road 1679
   Clearlake Road Durham DH1 3LE Cocoa, FL 32922-570 United Kingdom United
   States Phone: 44 191 374 2395 Phone: (321) 638-1442 Fax: 44 191 374
   7358 Fax: (321) 638-1010 EMail: ken.durose@durham.ac.uk EMail:
   dhere@fsec.ucf.edu Vladimir Dyakonov University of Oldenburg Oldenburg
   26111 Germany Phone: 49 441 798 3538 Fax: 49 441 798 3326 EMail:
   dyakonov@uni-oldenburg.de Mr. John Easoz Ingrid Eisgruber Ebara Solar,
   Inc ITN Energy Systems 1801 Rt. 51 12401 W. 49th Ave Jefferson Hills,
   PA 15025 Wheat Ridge, CO 80033 United States United States Phone: (412)
   382-1255 Phone: (303) 285-5140 Fax: (412) 382-1251 Fax: (303) 420-1551
   EMail: johne@ebarasolar.com EMail: ieisgruber@itnes.com Chris
   Eberspacher Lutz Eismann Unisun Roth & Rau 587-F North Ventu Park Road
   Gewerering 10 PMB124 Wuestenbrand D-09358 Newbury Park, CA 91320
   Germany United States Phone: 49 3723 49880 Phone: (805) 987-7258 Fax:
   49 3723 4988 25 Fax: (805) 987-7268 EMail: info@roth-rau.de EMail:
   unisun@aol.com Nicholas Ekins-Daukes Abasifreke Ebong Imperial College
   Georgia Tech Prince Consort Road Atlanta, GA 30332-0250 London SW72 BZ
   United States United Kingdom Phone: (404) 894-1884 Phone: 44 2075 9475
   63 Fax: (404) 894-4832 Fax: 44 2075 9475 80 EMail:
   aebong@ece.gatech.edu EMail: n.ekins@ic.ac.uk Mr. Teddy Edge Thanaa
   El-Shatter NASA - Marshall Space Electronics Research Institute Flight
   Center El-Tahrir Street Mail Stop Dokki MSFC Huntsville, AL 35812 Giza
   United States Egypt Phone: (256) 544-3381 Phone: 33 10 512 Fax: (256)
   544-5841 Fax: 33 51 631 EMail: ted.edge@msfc.nasa.gov EMail:
   thanaa@eri.sci.eg Wolfgang Eisele Hassam ElGamel Hahn-Meitner Institut
   First Solar, LLC Glienicker Str. 100 12900 Eckel Junction Road Berlin
   D-14109 Perrysburg, OH 43551 Germany United States Phone: 030 8062 2605
   Phone: (419) 872-7661 Fax: 030 8062 3199 Fax: (419) 872-7665 EMail:
   EMail: helgamel@firstsolar.com Timothy Ellison Mrs. Katja Ernst Energy
   Conversion Devices, Inc. Hahn-Meitner-Institut 1621 Northwood
   Glienicker Str.100 Troy, MI 48084 Berlin 14109 United States Germany
   Phone: (248) 362-4780 Phone: 49 30 8062 2563 Fax: (248) 362-0012 Fax:
   49 30 8062 3199 EMail: time@ovonic.com EMail: ernst@hmi.de Mr. Keith
   Emery Achim Eyer NREL Fraunhofer ISE 1617 Cole Blvd Freiburg 79104
   Golden, CO 80401 Germany United States Phone: 49 761 4588 261 Phone:
   (303) 384-6632 Fax: 49 761 4588 250 Fax: (303) 384-6604 EMail:
   eyer@ise.fhg.de EMail: keith_emery@nrel.gov Mr. Leon Fabick Michael
   Engelmann ITN Energy Systems Trex Enterprises 12401 West 49th Ave 590
   Lipoa Parkway, Wheat Ridge, CO 80033 Suite 222 United States Kihei, HI
   96753 Phone: (303) 285-5117 United States Fax: (303) 285-5168 Phone:
   (808) 879-4155 EMail: lfabick@itnes.com Fax: (808) 875-2611 EMail:
   mengelmann@trexhawaii.com Alan Fahrenbruch ALF, Inc. Mr. Robert
   Enzsenroth 107 Montalvo Road Colorado State University Redwood Cithy,
   CA 94062 Room B-120 United States Fort Collins, CO 80523-1320 Phone:
   (650) 723-2951 United States Fax: (650) 725-4034 Phone: EMail:
   alanf@stanford.edu Fax: EMail: alenz@ENGRDOM.COLOSTATE.EDU David Faiman
   Ben-Gurion University Mr. Jim Erma Sede Boker 84990 Spectrolab, Inc
   Israel 2500 Gladstone Ave Phone: 972 7 659 6933 Sylmar, CA 91342 Fax:
   972 7 6596 736 United States EMail: faiman@bgumail.bgu.ac.il Phone:
   (818) 898-2896 Fax: (818) 838-7474 EMail: jermer@spectrolab.com Fritz
   Falk Emanuele Ferrando IPHT Officine Galileo Winzerlaer Str. 10 Via
   Mongtefeltro, 8 Jena 07745 Milan 20156 Germany Italy Phone: 49 3641
   3026 38 Phone: 39 02 302 423 15 Fax: 49 3641 3026 03 Fax: 39 02 302 450
   91 EMail: falk@ipht-jena.de EMail: emanuele.ferrando@ifficine-
   galileo.finme nico.it Mr. Navid Fatemi Ms. Francesca Ferrazza EMCORE
   Eurosolare 10420 Research Road, SE via A. D'Andrea 6 Albuquerque, NM
   87123 Nettuno 00048 United States Italy Phone: (505) 332-5000 Phone: 39
   069 85 60 519 Fax: (505) 332-5038 Fax: 39 069 8502 267 EMail: Mark_
   EMail: francesca.ferrazza@eurosolare.agip.it Peter Fath Mr. Ulrich
   Fiedeler University of Konstanz Hahn-Meitner-Institut
   jakob-burkhardtstr.27 Glienickerstr. 100 Konstanz 78464 Berlin 14109
   Germany Germany Phone: 49 7531 882079 Phone: 49 30 8062 3213 Fax: 49
   7531 88 3895 Fax: 49 30 8062 3199 EMail: peter.fth@uni-konstanz.de
   EMail: ulrich.fiedeler@hmi.de Chris Ferekides Mr. Halden Field
   University of South Florida PV Measurements 202 East Fowler Ave 780
   38th Street Tampa, FL 33620 Boulder, CO 80303 United States United
   States Phone: (813) 974-4818 Phone: (303) 786-7345 Fax: (813) 974-5250
   Fax: EMail: ferekide@eng.usf.edu EMail: info@pvmeas.com Andre Ferlauto
   Mr. Mark Fitzgerald Penn State University Inst. For Sustainable Power
   274 Materials Research Lab 3388 W. Oak Leaf Place University Park, PA
   16802 Highlands Ranch, CO 80129 United States United States Phone:
   (814) 863-1880 Phone: (303) 683-4748 Fax: (814) 865-2326 Fax: (303)
   470-8239 EMail: asf7@psu.edu EMail: markfitz@ispg.org Dennis Flood
   Lewis Fraas NanoDielectrics Corp JX Crystals, Inc. 380 East Lorain
   Street 1105 12th Ave NW Oberlin, OH 44074 Suite A2 United States
   Issaquah, WA 98027 Phone: (440) 774-3306 United States Fax: (440)
   774-6056 Phone: (425) 392-5237 EMail: djflood@nanodielectrics.com Fax:
   (425) 392-7303 EMail: lfraas@jxcrystals.com Mr. Craig Flora Ball
   Aerospace Robert Francis 1005 Chestnut Drive The Aerospace Corporation
   Longmont, CO 80503 2350 E. El Segundo Blvd. United States Mail Station
   M4/986 Phone: (303) 939-4230 El Segundo, CA 90245-4691 Fax: (303)
   939-4822 United States EMail: cflora@ball.com Phone: (310) 336-6272
   Fax: (310) 336-5581 Mr. Jay Fodor EMail: robert.w.francis@aero.org
   Hughes Space & Communications 2260 E. Imperial Highway Mr. Dieter
   Franke El Segundo, CA 90009-2919 Access e.V United States Intzestr. 5
   Phone: (310) 416-3976 Aachen 52072 Fax: (310) 416-3933 Germany EMail:
   Jay.Fodor@hsc.com Phone: 49 241 8067 21 Fax: 49 241 38578 Stephen
   Fonash EMail: D.Franke@access.twth-aachen.de Penn State University 189
   MRI Building Alexandre Freundlich University Park, PA 16802 University
   of Houston United States #724, S&R 1 Phone: (814) 865-4931 Houston, TX
   77204-5507 Fax: (814) 865-7173 United States EMail: sfonash@psu.edu
   Phone: (713) 743-3621 Fax: (713) 747-7724 Mr. Americo Forestieri EMail:
   alexf@orbitsvec.uh.edu Moe Consulting 74 Barberry Drive Berea, OH 44017
   United States Phone: (440) 234-1574 Fax: (440) 234-1574 EMail:
   moeforestieri@att.net Daniel Friedman Mr. Vahan Garboushian NREL
   Amonix, Inc. 1617 Cole Blvd 3425 Fujita Street Golden, CO 80401
   Torrance, CA 90505 United States United States Phone: (303) 384-6472
   Phone: (310) 325-8091 Fax: (303) 384-6531 Fax: (310) 325-0771 EMail:
   daniel_friedman@nrel.gov EMail: vahan@amonix.com Mr. Kenji Fukui Linda
   Garverick Kyocera Corporation Essential Research, Inc. 10-1 Kawai 6410
   Eastland Road, Suite D Gamo-cho Cleveland, OH 44142 529 1595 United
   States Japan Phone: (440) 816-9850 Phone: Fax: (440) 816-9855 Fax:
   EMail: garverick@er.com EMail: Mr. James Gee Takashi Fuyuki Sandia
   National Labs Nara Institute of Science & Technology MS 0752 8916-5
   Takayama 1515 Eubank Blvd. SE Ikoma, Nara 630-0101 Albuquerque, NM
   87123 Japan United States Phone: 81 743 72 6070 Phone: (505) 844-7812
   Fax: 81 743 72 6078 Fax: (505) 844-6541 EMail:
   fuyuki@ms.aist-nara.ac.jp EMail: jmgee@sandia.gov Edward Gaddy John
   Geisz Goddard Space Flight Center NREL Code 563 1617 Cole Blvd
   Greenbelt, MD 20721 Golden, CO 80401 United States United States Phone:
   (301) 286-1338 Phone: (303) 384-6474 Fax: (301) 286-1751 Fax: (303)
   384-6507 EMail: edward.m.gaddy.1@gsfc.nasa.gov EMail:
   john_geisz@nrel.gov Mr. George Ganakas Solar Systems Pty. Ltd. 6 Luton
   Lane Hawthorn, Victoria 3122 Australia Phone: 61 3 9819 9544 Fax: 61 3
   9819 9063 EMail: Carl Gelderloos Stefan Glunz Hughes Space &
   Communications Fraunhofer, ISE 901 North Selby Street Oltmannsstrasse 5
   MS 5C/S25/C369 Freiburg D-79100 El Segundo, CA 90245 Germany United
   States Phone: 49 761 4588 191 Phone: (310) 416-3988 Fax: 49 761 4588
   250 Fax: (310) 416-3933 EMail: glunz@ise.fhg.de EMail:
   carl.gelderloos@hsc.com Ms. Elena Maria Godfrin Tim Gessert CNEA -
   National Atomic Energy Comm NREL Av. Gral Paz 1499 1617 Cole Blvd pcia
   Buenos Aires Golden, CO 80401 San Martin 1650 United States Argentina
   Phone: (303) 384-6451 Phone: 54 11 4754 7168 Fax: (303) 384-6430 Fax:
   54 11 4754 7121 EMail: tim_gessert@nrel.gov EMail: godfrin@cnea.gov.ar
   Ms. Lynne Gillette Adolf Goetzberger U.S. Department of Energy FhG-ISE
   1000 Independence Ave SW Oltmannsstrasse 5 EE-11 Freiburg D-79100
   Washington, DC 20585 Germany United States Phone: 49 761 4588 152
   Phone: (202) 586-1495 Fax: 49 761 4588 162 Fax: (202) 586-8148 EMail:
   goetzb@ise.fhg.de EMail: lynne.gillette@ee.doe.gov Steve Golay Mr. Greg
   Glenn IMT- University of Neuchatel Spectrolab, Inc. Neuchatel 2000
   12500 Gladstone Ave Switzerland Sylmar, CA 91342 Phone: 41 32 718 33 38
   United States Fax: 41 32 718 3201 Phone: (818) 898-2894 EMail:
   Steve.golay@imt.unine.ch Fax: (818) 838-7474 EMail:
   gglenn@spectrolab.com Mr. Leland Goldhammer Consultant 5210 E. Fairlee
   Crt Anaheim Hills, CA 92807 United States Phone: (714) 282-8112 Fax:
   EMail: lgoldhammer@earthlink.net Trinidad Gomez Jennifer Granata INTA -
   SPASOLAB Spectrolab, Inc. Crtra. Ajaluir, km 4. 12500 Gladstone Ave
   28850 Torrejon de Ardoz Sylmar, CA 91342 Madrid 28850 United States
   Spain Phone: (818) 898-7576 Phone: 34 91 520 1873 Fax: (818) 838-7474
   Fax: 34 91 520 1613 EMail: jgranata@spectrolab.com EMail:
   gomezrt@inta.es Jeffery Gray Brian Good Purdue University NASA Glenn
   Research Center 1285 Electrical Engineering 21000 Brookpark Road West
   Lafayette, IN 47907-1285 MS 302-1 United States Cleveland, OH 44135
   Phone: (765) 494-3390 United States Fax: (765) 494-3393 Phone: EMail:
   grayj@purdue.edu Fax: EMail: bgood@sundagger,grc.nasa.gov Dan Grecu
   First Solar, LLC Mr. Chris Goodbody 12900 Eckel Junction Rd DERA
   Perrysburg, OH 43551 X107 Building United States Farnborough, Hants
   GU14 0LX Phone: (419) 872-7661 United Kingdom Fax: (419) 872-7665
   Phone: 44 1252 3940 03 EMail: dgrecu@firstsolar.com Fax: 44 1252 3926
   64 EMail: cgoodbody@dera.gov.uk Magdala Gronau Eststr.56 Gerardo
   Gordillo Essen D-45149 Universidad Nacional Colombia Germany Bogota
   Phone: 718393 Colombia Fax: Phone: 57 1 316 5000 ext 13 EMail:
   Dr.M.gronau@t-online.de Fax: 57 1 316 5135 EMail:
   ggordill@ciencias.ciencias.unal.edu.co Ning Ke Gu RUN Tech PV Web &
   Tech. Service Co. Tamizh-Mani Govindasamy B12 Guanghua Road Arizona
   State University East China World Trade Center 7349 E. Unity Avenue
   Beijing 100020 Mesa, AZ 85212 China United States Phone: 86-10 6505
   1553 Phone: (480) 727-1241 Fax: 86-10 6505 1182 Fax: (480) 727-1223
   EMail: nick.gu@mx.cei.gov.cn EMail: manit@asu.edu Subhendu Guha Abdul
   Halim United Solar Systems Corporation Tokyo A&T University 1100 West
   Maple Road Kurohawa Lab. Troy, MI 48084 2-24-16 Nakacho, Koganei-shi
   United States Tokyo 184-8588 Phone: (248) 362-4170 Japan Fax: (248)
   362-4442 Phone: 81 42 388 7132 EMail: sguha@uni-solar.com Fax: 81 42
   385 6729 EMail: ahalim@cc.tuat.ac.jp Mrs. Gail Guthrie Hughes Space &
   Communications Douglas Halliday 2060 E. Imperial Highway University of
   Durham El Segundo, CA 90245 South Road United States Durham DH1 3 LE
   Phone: (310) 364-7468 United Kingdom Fax: (310) 416-2809 Phone: 44 191
   374 2551 EMail: gail.guthrie@hsc.com Fax: 44 191 374 3848 EMail:
   d.p.halliday@durham.ac.uk Peter Hacke EBARA Solar, Inc. Yoshihiro
   Hamakawa 1801 Rt. 51 Ritsumeikan University Jefferson Hills, PA 15025
   1-1-1 Noji-Higashi United States Kusatsu, Shiga 525-8577 Phone: Japan
   Fax: Phone: 81 77 561 3938 EMail: phacke@ebarasolar.com Fax: 81 77 561
   2663 EMail: ham@se.ritsumei.ac.jpaakaw Christian Haessler Bayer AG Mr.
   Akira Hanafusa ZF-FPM, Building R.79 Matsushita Battery Industrial
   Rheinuferstr. 7-9 1-1 Moriguchi Krefeld D-47800 Osaka Germany Japan
   Phone: 49 2151 8855 57 Phone: 81 6 6994 4531 Fax: Fax: 81 6 6994 7056
   EMail: christian.haessler.ch@bayer-ag.de EMail: Mr. Giso Hahn Joseph
   Hanak University of Konstanz First Solar Jacob Burckhardt Str. 29 240
   Raphael Ave, Apt.2 Konstanz 78457 Ames, IA 50014 Germany United States
   Phone: 49 7531 88 3644 Phone: (515) 292-8251 Fax: 49 7531 88 3895 Fax:
   (515) 296-9910 EMail: Giso.Hahn@uni-konstanz.de EMail: Mr. Jim Hanley
   Steven Hegedus Tecstar, Inc Institute of Energy Conversion 15251 Don
   Julian Road 451 Wyoming Road Industry, CA 91745 Newark, DE 19716-3820
   United States United States Phone: (626) 934-6514 Phone: (302) 831-6253
   Fax: (626) 536-8694 Fax: (302) 831-6226 EMail: jim.hanley@tecstar.com
   EMail: ssh@udel.edu Mr. David Harden Mr. Wouter Hermelink Boeing Space
   & Communications NkF Kabel B.V. 27002 191st Place SE Schieweg 9
   Covington, WA 98042 Delft 2627-AN United States The Netherlands Phone:
   (253) 773-3423 Phone: 31 15 2605 580 Fax: Fax: 31 15 2605 536 EMail:
   EMail: wouter.hermelink@NKF.nl Mr. Nils-Peter Harder Mr. Steve Hester
   University of New South Wales Utility PhotoVoltaic Group Sydney 2052
   1800 M Street NW Australia Suite 3000 Phone: 61 2 9385 4054 Washington,
   DC 20036 Fax: 61 2 9385 5412 United States EMail: n.harder@unsw.edu.au
   Phone: (202) 857-0898 Fax: (202) 223-5537 Jerry Harris EMail:
   shester@TTCorp.com Kent State University 21000 Brookpark Road Mr.
   Rudolf Hetel MS 302-1 ISFH Cleveland, OH 44135 Am Ohrberg 1 United
   States Emmerthal 31860 Phone: (216) 433-8287 Germany Fax: (216)
   433-6106 Phone: 49 5154 999 403 EMail: jerry.harris@gre.nasa.gov Fax:
   49 5154 999 400 EMail: r.hetel@isfh.de Mr. Martin Hartmann University
   of Stuttgart Mr. Jason Hiltner Stuttgart D-70569 Colorado State
   University Germany CSU Physics Phone: 49 711 685 7184 Fort Collins, CO
   80523-1875 Fax: 49 711 685 7143 United States EMail:
   hartmann@ipe.uni-stuttgart.de Phone: (970) 491-1105 Fax: (970) 491-7947
   EMail: jhiltner@lamar.colostate.edu Yoshihiro Hishikawa Mr. Daniel Hohm
   Japan Quality Assurance Organization South Dakota State University 4598
   Murakushi 614 7th Ave South Hamamatsu Apt. 12 Japan Brookings, SD 57007
   Phone: 81 53 484 4101 United States Fax: 81 53 484 4102 Phone: (605)
   692-8242 EMail: JQA01247@nifty.ne.jp Fax: EMail: hohm@itctel.com Mr.
   Bao Hoang TRW Christiana Honsberg One Space Park University of New
   South Wales Redondo Beach, CA 90278 Univ. of New South Wales United
   States Sydney 2052 Phone: (310) 812-0056 Australia Fax: (310) 813-8335
   Phone: 61 2 9385 4018 EMail: bao.hoang@trw.com Fax: 61 2 9662 4240
   EMail: c.honsberg@unsw.edu.au Mr. John Hoffner Conservation Services
   Group Mr. Hong Hou 1515 South Capital of Texas Hwy Emcore Suite 210
   10420 Research Road, SE Austin, TX 78746 Albuquerque, NM 87123 United
   States United States Phone: (512) 327-6830 Phone: (505) 332-5000 Fax:
   (512) 327-2553 Fax: (505) 332-5038 EMail: John.hoffner@csgrp.com EMail:
   hong_hou@emcore.com Mr. Stephen Hogan Mr. Roland Hulstrom Spire
   Corporation NREL One Patriots Park 1617 Cole Blvd Bedford, MA
   01730-2396 Golden, CO 80401 United States United States Phone: (781)
   275-6000 Phone: (303) 384-6420 Fax: (781) 275-7470 Fax: (303) 384-6481
   EMail: shogan@spirecorp.com EMail: roland_hulstrom@nrel.gov Mr. Thomas
   Hund Mr. Toru Ikeda Sandia National Labs Technology Research
   Association Mailstop 0753 1-22-12 Otowa 1515 Eubank Blvd. SE Bunkyo-ku
   Albuquerque, NM 87123 Tokyo 112-0013 United States Japan Phone: Phone:
   81 3 3946 2451 Fax: Fax: 81 3 3946 6262 EMail: tdhund@sandia.gov EMail:
   Mr. Frank Huster Mr. Tomoaki Ikegami University of Konstanz Kumamoto
   University Universitretsstrasse 10 2-39-1 Kurokami Konstanz 8457
   Kumamoto 860 8555 Germany Japan Phone: 49 7531 8820 74 Phone: 81 98 342
   3620 Fax: 49 7531 8838 95 Fax: 81 96 342 3630 EMail:
   frank.huster@uni-konstanz.de EMail: ikegami@eecs.kumamoto-u.ac.jp In-ho
   Hwang Mr. Osamu Ikki CTECH Resources Total System Co. Ltd. 40 Gumku-ri
   2-3-11 Shinkawa Okcheon-gun Chuo-ku Okcheon-gun 373 807 Tokyo 104-0033
   South Korea Japan Phone: 82 43 730 6322 Phone: 81 3 3551 6345 Fax: 82
   43 730 632 Fax: 81 3 3553 8954 EMail: ihhwang@ctech.ac.kr EMail:
   ikki@rts-pv.com Mrs. Kathleen Hynes Mr. Christian Illerhaus Univ. of
   Northumbria IPVES, Inc. Ellison Place 4400 Susan Drive Newcastle Upon
   Tyne NE18ST Suite 303 United Kingdom San Bruno, CA 94066 Phone: 44 191
   227 4555 United States Fax: 44 191 227 3650 Phone: (408) 393-5069
   EMail: kathleen.hynes@unn.ac.uk Fax: EMail: cillerhaus@ipves.com
   Mitsuru Imaizumi Mr. Norikazu Ito National Space Development Agency
   ANELVA Corporation 2-1-1 Sengen 2nd Equipment Business Promotion Dept.
   Tsukuba 305-8505 5-8-1 Yotsuya Japan Fuchu-shi, Tokhyo 183 8508 Phone:
   81 298 52 2288 Japan Fax: 81 298 50 2750 Phone: 81 298 61 3367 EMail:
   imaizumi.mitsuru@nasda.go.jp Fax: 81 298 61 3363 EMail:
   itouno@ccgw.anelva.co.jp Mr. Kei Irisawa Kogakuin University Arnulf
   Jager-Waldau 1-24-2 Nish-Shinjuku Hahn-Meitner-Institut Shinjuku-ku
   Glienickerstr.100 Tokyo 163-8677 Berlin 14109 Japan Germany Phone:
   Phone: 49 30 8062 2604 Fax: Fax: 49 30 8062 3199 EMail:
   cm99006@ccs.kogakuin.ac.jp EMail: jaeger-waldau@hmi.de Mr. Yasuaki
   Ishikawa Raj Jain Nara Institute of Science & technology Space
   Systems/Loral Takayama, Ikoma 630 0101 3825 Fabian Way Japan M/S L-35
   Phone: 81 743 72 6072 Palo Alto, CA Fax: 81 743 72 6079 United States
   EMail: I-yasuak@ms.aist-nara.ac.jp Phone: (650) 852-9856 Fax: (650)
   852-7494 Mr. Tetsuya Ishitani EMail: jain.raj@ssd.loral.com Tokyo A & T
   University 2-24-16 Nakamachi Mr. William Jarvis Koganei STR Tokyo
   184-8588 1 FLEXcon Industrial Park Japan Spencer, MA 01562 Phone: 81 42
   388 7446 United States Fax: 81 42 7446388 Phone: (508) 885-8287 EMail:
   Ishitani@cc.tuat.ac.jp Fax: (508) 885-8289 EMail: Upali Jayamaha Ms.
   Pamela Johnson First Solar, LLC Colorado State University 12900 Eckel
   Junction Road Fort Collins, CO 80523 Perrysburg, OH 43551 United States
   United States Phone: (970) 491-1105 Phone: (419) 872-7661 Fax: (970)
   491-7947 Fax: (419) 872-7665 EMail: pamj@lamar.colostate.edu EMail:
   ujayamaha@firstsolar.com Mr. Alan Jones Mr. Phillip Jenkins AEC-Able
   Engineering Co., Inc. Ohio Aerospace Institute 7200 Hollister Avenue
   21000 Brookpark Road Goleta, CA 93117 2807 MS 302-1 United States
   Cleveland, OH 44135 Phone: United States Fax: Phone: (216) 433-2233
   EMail: pajones@aec-able.com Fax: (216) 433-6106 EMail:
   phil.jenkins@grc.nasa.gov Scott Jones Energy Conversion Devices, Inc.
   Mr. Ji-Weon Jeong 1621 Northwood Georgia Tech Troy, MI 48084 c/o
   Rochelle Kraehe United States Atlanta, GA 30332-0250 Phone: (248)
   362-4780 United States Fax: (248) 362-0012 Phone: (404) 894-3630 EMail:
   sjones@ovonic.com Fax: (404) 894-4832 EMail: gt0652@eprism.gatech.edu
   Gert Jan Jongerden Akzo Nobel Chemicals b.v. Ms. Theresa Jester
   Velperweg 76 Siemens Solar Industries Arnhem 6824 BM 4650 Adohr Lane
   The Netherlands Camarillo, CA 93011 Phone: 31 26 366 2265 United States
   Fax: 31 26 366 5464 Phone: (805) 388-6500 EMail:
   gertjan.jongerden@akzonobel.com Fax: (805) 388-6557 EMail:
   terryjester@solar.siemens.com Mr. Wolfgang Jooss University of Konstanz
   Arokiaraj Jesudoss University of Konstanz Institute of Technology
   Konstanz 78457 Showa-ku Germany Nagoya 466-8555 Phone: 49 7531 882 074
   Japan Fax: 49 7531 883 895 Phone: 81 52 735 5562 EMail: 5232 9607 6000
   4121 Fax: 81 52 735 7120 EMail: aro-jp@yahoo.com Mr. Robert Jorgenson
   Juris Kalejs Uniroyal Optoelectronics ASE Americas 9302 E. MLK #727 4
   Suburban Park Druive Tampa, FL 33610 Billerica, MA 01821 United States
   United States Phone: (813) 630-9100 x4451 Phone: (978) 947-5993 Fax:
   Fax: (978) 663-7555 EMail: EMail: jkalejs@asepv.com Davis Joseph Mr.
   Nader Kalkhoran Davis, Joseph & Negley Spire Corporation 3905 Laguna
   Vista Cove One Patriots Park Austin, TX 78746 Bedford, MA United States
   United States Phone: (512) 328-9211 Phone: (781) 275-6000 Fax: (512)
   328-9211 Fax: (781) 275-7470 EMail: EMail: David Joyce Toshihiro Kamei
   Crystal Systems, Inc. Stanford University 27 Congress Street CIS-X Rm
   328 Salem, MA 01970 Stanford, CA 94305 United States United States
   Phone: (978) 745-0088 Phone: (650) 723-0983 Fax: (978) 744-5059 Fax:
   (650) 723-4659 EMail: djoyce@crystalsystems.com EMail:
   tkamei@snowmass.stanford.edu Marlen Kagan Koichi Kamisako KVANT Tokyo
   University of Agriculture & Tecnology 3 Mytischinskaya, 16 Moscow
   129626 2-24-16 Nakamachi Russia Koganei Phone: 7095 287 9742 Tokyo 184
   8588 Fax: 7095 287 1871 Japan EMail: kvanteko@mail,cnt.ru Phone: 81 42
   388 7133 Fax: 81 42 385 6729 Krishna Kalaga EMail:
   kamisako@cc.tuat.ac.jp Toyota Technological Institute Institute of
   Technology Gokiso-Cho, Showa-ku, Aichi Nagoya 466 8555 Japan Phone: 81
   52 753 5093 Fax: 81 52 735 5546 EMail: krishna@gamella.el.com Mr. Seree
   Kangvankiji Ms. Emily Kasradze Chiangmai Regional Energy Ctr. BP
   Exploration The back of Meajo University 900 E. Benson Blvd Tumbol
   Nonghan - Sansai district P.O. Box 196612 Chiangmai Anchorage, AK
   99519-6612 Thailand United States Phone: 66 53 248 422 Phone: (907)
   564-4160 Fax: 66 53 248 422 Fax: (907) 564-5200 EMail: EMail:
   kasrader@bp.com Songphol Kanjanachuchai Kazuhiko Kato Chulalongkorn
   University Ibaraki Phyathai Road 1-1-4 Umezono Bangkok 10330 Ibaraki
   Thailand Tsukuba 305-8568 Phone: 66 2 218 6522 Japan Fax: 66 2 218 6524
   Phone: 81298 61 5197 EMail: songphol@ee.eng.chula.ac.th Fax: 81 298 61
   5829 EMail: kakato@etl.go.jp Vijay Kapur ISET Mr. David Katz 8635
   Aviation Blvd Applied Power Corp Inglewood, CA 90301 1155 Redwing Drive
   - Box 339 United States Redwing, CA 95560 Phone: (310) 216-1423 United
   States Fax: (310) 216-2908 Phone: (707) 923-2277 EMail:
   VKKapur@earthlink.net Fax: (707) 923-3009 EMail: dkatz@appliedpower.com
   Nasser Karam Spectrolab, Inc. Mr. Christian Kaufmann 12500 Gladstone
   Ave University of Oxford Sylmar, CA 91342 Oxford OX1 3PJ United States
   United Kingdom Phone: (818) 898-7514 Phone: 44 1865 432 004 Fax: (818)
   838-7474 Fax: EMail: nkaram@spectrolab.com EMail:
   christian.kaufmann@eng.ox.oc.uk Victor Karpov Lawrence Kazmerski First
   Solar, LLC NREL 12900 Eckel Junction Road 1617 Cole Blvd Perrysburg, OH
   43551 Golden, CO 80401 United States United States Phone: (419)
   872-7661 Phone: (303) 384-6600 Fax: (419) 872-7665 Fax: (303) 384-6601
   EMail: vkarpov@firstsolar.com EMail: kaz@nrel.gov Mark Keevers Chandra
   Khattak University of New South Wales Crystal Systems, Inc Sydney NSW
   2052 27 Congress Street Australia Salem, MA 01970 Phone: 61 2 9385 4068
   United States Fax: 61 2 9662 4240 Phone: (978) 745-0088 EMail: Fax:
   (978) 744-5059 EMail: chandra@crystalsystems.com Edward Kern Applied
   Power Mr. Tetsuo Kichmi 235 Bear Hill Road Resources Total System Co.,
   Ltd Waltham, MA 01773 2-3-11 Shinkawa United States Chuo-ku Phone:
   (781) 684-6101 Tokyo 104-0033 Fax: (781) 684-6101 Japan EMail:
   ekern@ascensiontech.com Phone: 81 3 3551 6345 Fax: 81 3 3553 8954 John
   Kessler EMail: kichit@rts-pv.com Angstrom Solar Center Regementsv 1
   Donghwan Kim P.O. Box 534 Korea University Uppsala SE 75121 Seoul
   136-701 Sweden Korea Phone: 46 18 471 3117 Phone: 82 2 3290 3275 Fax:
   46 18 555 095 Fax: 82 2 928 3584 EMail: john.kessler@angstrom.uu.se
   EMail: Mr. James Kestner Mr. C.William King Colorado School of Mines
   Essential Research, Inc. Golden, CO 80401 6410 Eastland Road, Suite D
   United States Cleveland, OH 44142 Phone: (303) 273-3542 United States
   Fax: (303) 273-3730 Phone: (440) 816-9850 EMail: jkestner@mines.edu
   Fax: (440) 816-9855 EMail: king@er.com Mr. Aurangzeb Khan Toyota
   Technological Institute Mr. David King 2-12-1 Hisakata Sandia National
   Labs Tempaku Mailstop 0753 Nagoya 468-8511 1515 Eubank Blvd. SE Japan
   Albuquerque, NM 87123 Phone: 81 52 809 1877 United States Fax: 81 52
   809 1879 Phone: (505) 844-8220 EMail: a.kahn@toyota-ti.ac.jp Fax: (505)
   844-6541 EMail: dlking@sandia.gov Mr. Richard King Mr. Akio Kitamura
   U.S. Department of Energy Kepco (Kansai Electric) 1000 Independence
   Ave, SW Amagasaki 3-11-20 Washington, DC 20585 Hyogo United States
   Japan Phone: (202) 586-1693 Phone: 81 70 5770 3889 Fax: (202) 586-8148
   Fax: 81 6 6494 9827 EMail: richard.king@ee.doe.gov EMail:
   k516204@kepco.co.jp Richard King Mr. Jo Klaer Spectrolab, Inc.
   Hahn-Meitner Institut 12500 Gladstone Ave Glienicker Str.100 Sylmar, CA
   91342 Berlin D14109 United States Germany Phone: (818) 838-7404 Phone:
   49 30 8062 2491 Fax: (818) 838-7404 Fax: 49 30 8062 2931 EMail:
   rking@spectrolab.com EMail: klaer@hni.de Mr. Katsushi Kishimoto Nobuaki
   Kojima Sharp Corporation Toyota Technological Institute 282-1 Hajikami
   2-12-1 Hisakata, Tempaku Shinjo Kitakatsuragi Nagoya 468-8511 Nara 639
   2198 Japan Japan Phone: 81 52 809 1877 Phone: 81 0745 65 1161 Fax: 81
   52 809 1879 Fax: 81 0745 63 3628 EMail: nkojima@toyota-ti.ac.jp EMail:
   kisimoto@ex.shinjo.sharp.co.jp Mr. Kai Kolari Mr. Toshihisa Kitagawa
   NAPS Systems Oy Mitsui-Chemicals, Inc. Keilaranta 6 580-32 Nagaura,
   00048 Fortum Sodegaura-City Espoo Chiba 299 0265 Finland Japan Phone:
   358 10 452 5288 Phone: 81 436 66 5733 Fax: 358 10 452 5265 Fax: EMail:
   kai.kolari@fortum.com EMail: toshihisa.Kitagawa@mitsui-chem.co.jp Mr.
   Keiichi Komoto Randy Koval Fuji Research Institute Corporation Penn
   State University 2-3 Kandanishiki-cho 121 EE East Chiyoda-ku University
   Park, PA 16802 Tokyo 101-8443 United States Japan Phone: (814) 865-2063
   Phone: 81 3 5281 5410 Fax: (814) 865-6581 Fax: 81 3 5281 5466 EMail:
   rjk142@psu.edu EMail: komoto@cyg.fuji-ric.co.jp Ms. Rochelle Kraehe
   Makoto Konagai Georgia Tech Tokyo Inst, of Technology Atlanta, GA
   30332-0250 2-12-1m O-Okayama United States Meguro-ku Phone: (404)
   894-9269 Tokyo 152-8552 Fax: (404) 894-5934 Japan EMail:
   rochelle.kraehe@ece.gatech.edu Phone: 81 3 5734 2554 Fax: 81 3 5734
   2897 Theodore Kreifels EMail: konagai@pe.titech.ac.jp Jackson & Tull
   1900 Randolph Road SE Michio Kondo Site H Electrotechnical Laboratory
   Albuquerque, NM 87106 Umezono 1-1-4 United States Ibaraki Phone: (505)
   224-9330 x113 Tsukuba Fax: (505) 224-9334 Japan EMail:
   kreifels@jntsw.com Phone: 81 298 61 5440 Fax: 81 298 61 5424 Lev
   Kreinin EMail: mkondo@etl.go.jp Jerusalem College of Technology 21
   Havaad Haleumi St Mr. Bas Korevaar Jerusalem 91160 Delft University of
   Technology Israel Feldmannweg 17 Phone: 972 2 6751 247 Delft 2628 CT
   Fax: 972 2 6422 075 The Netherlands EMail: kreinin@mail.jct.ac.il
   Phone: 31 15 278 1651 Fax: 31 15 262 2163 Mr. Andre Kress EMail:
   B.A.Korevaar@dimes.tudelft.nl Universitat Konstanz Jakob-Burkhardt-Str.
   29 Konstanz 78464 Germany Phone: 49 7531 883 731 Fax: 49 7531 883 895
   EMail: Andre.Kress@uni-konstanz.de Mr. Benjamin Kroposki Ms. RisA
   Kurihara NREL Resources Total System Co., Ltd 1617 Cole Blvd 2-3-11
   Shinkawa Golden, CO 80401 Chuo-ku United States Japan 104-0033 Phone:
   (303) 384-6170 Japan Fax: (303) 384-6790 Phone: 81 3 3551 6345 EMail:
   ben_kroposki@nrel.gov Fax: 81 3 3553 8954 EMail: kurihara@rts-pv.com
   Mr. Mark Kruer TRW Kosuke Kurokawa One Space Park Tokyo A&T University
   Redondo Beach, CA 90278 Nakacho, Koganei United States Tokyo 184-8588
   Phone: (310) 813-5968 Japan Fax: (310) 812-4978 Phone: 81 42 388 7132
   EMail: mark.kruer@trw.com Fax: 81 42 385 6729 EMail:
   kurochan@cc.tuat.ac.jp Mr. Dimitri Krut Spectrolab, Inc. Sarah Kurtz
   12500 Gladstone Ave NREL Sylmar, CA 91342 1617 Cole Blvd United States
   MS 3212 Phone: (818) 898-2827 Golden, CO 80401 Fax: (818) 838-7474
   United States EMail: dkrut@spectrolab.com Phone: (303) 384-6475 Fax:
   (303) 384-6531 Mr. Ralph Kuehn EMail: sarah_kurtz@nrel.gov University
   of Konstanz Kamorstrasse 9 Mr. Taketoshi Kusakabe Konstanz 78464 Waseda
   University Germany 3-4-1 Ohkuba Phone: 49 7531 88 2250 Shinjuku-ku Fax:
   49 7531 88 3895 Tokyo 165-8555 EMail: ralph.kuehn@uni-konstanz.de Japan
   Phone: Mr. Jamil Kuendig Fax: University of Neuchatel EMail: A - L
   Brequet 2 Neuchatel NE 2000 Switzerland Phone: 41 32 718 3321 Fax: 41
   32 718 3201 EMail: jamil.kuendig@imt.unine.ch Katsumi Kushiya Janice
   Eva Lau Showa Shell Sekiyu K.K. Ohio Aerospace Institute 123-1
   Shimo-Kawairi 21000 Brookpark Road Atsugi 243 0206 MS 302-1 Japan
   Cleveland, OH 44135 Phone: 81 46 245 1750 United States Fax: 81 46 245
   8761 Phone: (216) 433-9627 EMail: kushiyakatsumi@showa-shell.co.jp Fax:
   (216) 433-6106 EMail: J.E.Lau@grc.nasa.gov Zbigniew Kuznicki CNRS
   Laboratorie PHASE Ms. Connie Lechnar 23 rue du Loess Mitsubishi
   International Corp. Strasbourg 61037 850 Hansen Way #100 United States
   Palo Alto, CA 94306 Phone: 33 3 8810 6251 United States Fax: 33 3 8810
   6230 Phone: (650) 496-5417 EMail: kuznicki@phase.c-strasbourg.fr Fax:
   (650) 858-2967 EMail: clechnar@micla.com Mr. Thierry Langlois
   d'Estaintot European Commission Peter Lehman 75 rue Montoyer Humboldt
   State University Brussels 1050 Arcata, CA 95521 Belgium United States
   Phone: 32 2 295 0765 Phone: (707) 826-4345 Fax: 32 2 295 56 97 Fax:
   (707) 826-4347 EMail: thierry.d'estainlot@eec.eu.int EMail:
   pal1@axe.humboldt.edu Ms. Wendy Larsen Ms. Piejo Leinonen NREL Tampere
   University of Technology 1617 Cole Blvd Korkeakoulunkatu 3 Golden, CO
   80401 Tampere FIN 33720 United States Finland Phone: (303) 384-6497
   Phone: 358 3 365 2914 Fax: (303) 384-6490 Fax: 358 3 365 3400 EMail:
   wendy_larsen@nrel.gov EMail: pirjo.leinonen@orc.tut.fi Mr. John Lasich
   Mr. Vesa-Pekka Lempinen Solar Systems Pty. Ltd. Helsinki University of
   Technology 6 Luton Lane Otakaari 7A Hawthorn, Victoria 3122 Espoo 02150
   TKK Australia Finland Phone: 61 3 9819 9544 Phone: 358 9 451 4986 Fax:
   61 3 9819 9063 Fax: 358 9 451 5008 EMail: EMail:
   vesa-pekka.lempinen@hut.fi Thomas Lepley Mr. Allan Lewandowski Phasor
   Energy Co. Inc. NREL 4202 E. Evans Drive 1617 Cole Blvd. Phoenix, AZ
   85032 MS 2714 United States Golden, CO 80401 Phone: (602) 788-7619
   United States Fax: (602) 404-1765 Phone: (303) 384-7470 x303 384 EMail:
   TLEPLEY@AOL.COM Fax: EMail: allan_lewandowski@nrel.gov Vladimir Letin
   KVANT Carol Lewis 3-Mytischinskaya, 16 Jet Propulsion Laboratory Moscow
   129626 4800 Oak Grove Drive Russia MS 302-205 Phone: 7095 287 9742
   Pasadena, CA 91109 Fax: 7095 287 1871 United States EMail:
   kvanteko@mail.cnt.ru Phone: (818) 354-3767 Fax: (818) 393-5143 Mr.
   Sunny Leung EMail: Carol.R.Lewis@jpl.nasa.gov Canadian Coast Guard 200
   Kent St. Mr. Marc Ley 6/F Station E 217 Laboratoire PHASE Ottawa KIA0N7
   23 rue du Loess Canada Strasbourg 67037 Phone: 613 998 1390 France Fax:
   Phone: 33 388 10 6266 EMail: leungs@dfo-mpo.cg.ca Fax: 33 3 88 106 230
   EMail: ley@phase.c-strasbourg.fr Ralf Leutz Tokyo
   University-Agriculture & Technology Sheng Li 2-24-16 Naka-Cho
   University of Florida Koganei-Shi 561 EB-33 Tokyo 184 8588 Gainesville,
   FL 32611-6131 Japan United States Phone: 81 42 388 7076 Phone: (352)
   392-4937 Fax: 81 42 388 7076 Fax: (352) 392-4937 EMail:
   ralfsun@cc.tuat.ac.jp EMail: shengli@eng.ufl.edu Koeng Su Lim Mr.
   Jochen Loffler KAIST Utrecht University 373-1 Kusong-dong, Yusong-gu
   Princeton lein 1 Taejon-shi 305 701 Utrecht 3508 TA Korea The
   Netherlands Phone: 82 42 869 3427 Phone: 31 30 2533159 Fax: 82 42 869
   8530 Fax: 31 30 254 3165 EMail: kslim@ee.kaist.ac.kr EMail:
   j.loeffler@phys.uu.nl Guang Lin Ralf Ludemann Solarex Fraunhofer ISE
   3601 LaGrange Parkway Oltmanns str. 22 Toano, VA 23168 Freiburg D-79100
   United States Germany Phone: (757) 566-8770 Phone: 49 761 4588 199 Fax:
   (757) 566-8779 Fax: 49 761 4588 250 EMail: glin@solarex.com EMail:
   ralf.luedemann@ise.fhg.de Mr. David Linam Mr. John Lyons University of
   Texas at El Paso Nasa Goddard Space Flight Center 2306 Sunleaf Court
   Code 563 Fort Collins, CO 80525 Greenbelt, MD 20771 United States
   United States Phone: (970) 225-2485 Phone: (301) 286-3841 Fax: Fax:
   (301) 286-1751 EMail: dlinam@miners.utep.edu EMail:
   john.lyons@gsfc.nasa.gov Mr. Samuel Link Mr. Michael Madson Bechtel
   Bettis Atomic Power Laboratory Madsonline 814 Pittsburgh-McKeesport
   Blvd. 100 Ebbtide West Mifflin, PA 15122-0079 Sausalito, CA 94965
   United States United States Phone: (412) 476-7313 Phone: (415) 339-8900
   Fax: (412) 476-5151 Fax: (415) 339-8902 EMail: EMail:
   michael@madsonline.com Klaus Lips Antonio Marti Hahn-Meitner-Institut
   Instituto de Energia Solar Kekulestr. 5 Ciudad Universitaria Berlin
   D-12489 Madrid 28040 Germany Spain Phone: 49 30 6705 3353 Phone: 34 91
   5441 060 Fax: 40 30 6705 3333 Fax: 34 91 5446 341 EMail: lips@hmi.de
   EMail: amarti@etsit.upm.es Mr. John Martin Akihisa Matsuda Tecstar,
   Inc. Electrotechnical Lab 15251 Don Julian Road 1-1-4 Umezono City of
   Industry, CA 91745-1002 Tsukuba, Ibaraki United States Tokyo 305-8568
   Phone: (626) 934-6505 Japan Fax: (626) 336-8694 Phone: 81 298 61 5252
   EMail: john.martin@tecstar.com Fax: 81 298 61 5425 EMail:
   amatsuda@etl.go.jp Mr. Shigehisa Maruya Marubeni Corporation Mr.
   Hiroshi Matsukawa 2-4 Nishiki Tokyo A&T University Naka-ku Nakacho
   2-24-16 Nagoya 460-8711 Koganei Japan Tokyo 184-8588 Phone: 052 202
   6575 Japan Fax: 052 202 6330 Phone: 81 042 364 3311 EMail:
   maruya-S@marubeni.co.jp Fax: 81 042 385 6729 EMail:
   hmatsu@cc.tuat.ac.jp Dean Marvin The Aerospace Corporation Mr. Arihito
   Matsumoto 2155 Louisianna Blvd. NE Mitsubishi Cororation Suite 5000
   2-6-3 Marunouchi Albuquerque, NM 87110 Chiyoda-ku United States Tokyo
   100-8086 Phone: (505) 846-1457 Japan Fax: (505) 846-7877 Phone: 81 3
   3210 4664 EMail: Fax: 81 3 3210 4790 EMail:
   arihito.matsumoto@jp.mitsubishicorp.com Nigel Mason BP Solarex Takeshi
   Matsushita 12 Brooklands Close SONY Corporation Sunbury TW16 7DX 4-14-1
   Asahi-cho United Kingdom Atrugi-shi 243-0014 Phone: 44 1932 765 947
   Japan Fax: 44 1932 765 293 Phone: 81 46 230 5061 EMail: masonnb@bp.com
   Fax: 81 46 230 6081 EMail: Takeshi.Matsushita@jp.sony.com Mr. Takuya
   Masui Osaka University Phone: Fax: EMail: Mr. Keith Matthei Mr. Jeffrey
   Mazer GT Solar Technologies U.S. Department of Energy 472 Amherst
   Street Mail Code EE-11 Nashua, NH 03063 1000 Independence Ave, SW
   United States Washington, DC 20585 Phone: (603) 883-5200 United States
   Fax: (603) 595-6993 Phone: (202) 586-2455 EMail: matthei@gtsolar.com
   Fax: (202) 586-8148 EMail: jeffrey.mazer@ee.doe.gov Mr. Michael Mauk
   AstroPower, Inc. John McBride 461 Wyoming Road University of
   Southampton Newark, DE 19716-2000 Southampton SO17 1BJ United States
   United Kingdom Phone: (302) 366-0400 Phone: 44 23 80 592 895 Fax: (302)
   368-6474 Fax: 44 23 80 593 053 EMail: mauk@astropower.com EMail:
   jwm@soton.ac.uk Mr. Clay Mayberry Robert McConnell USAF Research Lab
   NREL AFRL/USSV 1617 Cole Blvd 3550 Aberdeen Ave SE Golden, CO 80401
   Kirtland AFB, NM 87117-5776 United States United States Phone: (303)
   384-6419 Phone: (505) 846-0499 Fax: (393) 384-6481 Fax: (505) 846-7877
   EMail: robert_mcconnell@nrel.gov EMail: clay.mayberry@kirtland.af.mil
   Mr. Tom McMahon Mr. Paul Maycock NREL PV Energy Systems 1617 Cole Blvd
   4539 Old Auburn Road Golden, CO 80401 Warrenton, VA 22187 United States
   United States Phone: (303) 384-6762 Phone: (540) 349-4497 Fax: (303)
   384-6790 Fax: (540) 349-4497 EMail: tom_mcmahon@nrel.gov EMail:
   pvenergy@crosslink.net M. Alan McMaster First Solar, LLC 12900 Eckel
   Junction Road Perrysburg, OH 43551 United States Phone: (419) 872-7661
   Fax: (419) 872-7665 EMail: amcmaster@firstsolar.com Mr. Peter McNutt
   Shalini Menezes NREL Interphases Research 1617 Cole Blvd 722 Rushing
   Creek Place Golden, CO 80401 Thousand Oaks, CA 91360 United States
   United States Phone: (303) 384-6767 Phone: (805) 492-9814 Fax: (303)
   384-6790 Fax: (805) 492-9165 EMail: pmcnutt@nrel.gov EMail:
   interphases@netscape.net Mr. David Meakin Mr. John Merrill BP Solarex
   AFRL 3601 LaGrange Parkway 1201 Tanglewood NW Toano, VA 23168
   Albuquerque, NM 87120 United States United States Phone: (757) 566-8770
   Phone: (505) 853-3427 Fax: (757) 566-8779 Fax: EMail: meakin@bp.com
   EMail: John.Merrill@Kirtland.af.mil John Meakin Robert Mertens 1910
   Quaker Village Road IMEC Weybridge, VT 05753-9643 Verhoeven Veerle
   United States Leuven 3201 Phone: (802) 545-3008 Belgium Fax: (802)
   545-3009 Phone: EMail: meakin@me.udel.edu Fax: 32 16 281 501 EMail:
   mertensr@imec.be Daniel Meier EBARA Solar, Inc Roger Messenger
   1801Route 51 Florida Atlantic University Jefferson Hills, PA 15025 777
   Glades Road United States Boca Raton, FL 33431 Phone: (412) 382-1259
   United States Fax: (412) 382-1251 Phone: (561) 297-3407 EMail:
   danm@ebarasolar.com Fax: (561) 297-2336 EMail: messenger@fou.edu
   Johannes Meier Univesity de Neuchatel Scott Messenger Rue A.L. Brequet
   2 SFA Inc. Neuchatel CH 2000 9315 Largo Drive West Switzerland Suite
   200 Phone: 41 32 718 3350 Largo, MD 20774 Fax: 41 32 718 3201 United
   States EMail: Johannes.meier@imt.unine.ch Phone: (202) 767-7360 Fax:
   (202) 404-8076 EMail: messenger@nrl.navy.mil Axel Metz Eric Miller ISFH
   - Germany Hawaii Natural Energy Institute Am Ohrberg 1 2540 Dole Street
   Emmerthal 31860 Holmes Hall 246 Germany Honolulu, HI 96822 Phone: 49
   5151 999 423 United States Fax: 40 5151 999 400 Phone: (808) 956-5337
   EMail: a.metz@isfh.de Fax: (808) 956-2336 EMail: ericm@hawaii.edu Peter
   Meyers ITN Energy Systems Ms. Paula Mints 12401 W. 49th Ave Strategies
   Unlimited Wheat Ridge, CO 80033 201 San Antonio Circle United States
   Suite 205 Phone: (303) 285-5135 Mountain View, CA 94040 Fax: (303)
   285-5179 United States EMail: pmeyers@itnes.com Phone: (650) 941-3438
   Fax: (650) 941-5126 Sherif Michael EMail: pmints@strategies-U.com Naval
   Postgraduate School Monterey, CA 93943 Takahiro Mishima United States
   Air Water, Inc Phone: (831) 656-2252 2-6-40 Chikko Shinmachi Fax: (831)
   656-2760 Sakai 592 8331 EMail: michael@nps.navy.mil Japan Phone: 81 722
   44 8807 Abdul Rafik Middya Fax: 81 722 44 8414 Syracuse University
   EMail: mishima-tak@awi.co.jp Syracuse, NY 13244-1130 United States Rick
   Mitchell Phone: (315) 443-3920 NREL Fax: (315) 443-9103 1617 Cole Blvd
   EMail: armiddya@phy.syr.edu Golden, CO 80401 United States Mr. George
   Mignon Phone: (303) 384-6479 Terra Sun, LLC Fax: (303) 384-6490 4541 S.
   Butterfield Drive EMail: richard_Mitchell@nrel.gov Tucson, AZ 85714
   United States Phone: (520) 512-1995 Fax: (520) 512-1997 EMail: Edith
   Molenbroek Ms. Linda Morrissey Ecofys HGA Kanaalweg 16-G 1201 Harmon
   Place Utrecht 3526 KL Minneapolis, MN 55419 The Netherlands United
   States Phone: 31 (0)30 2808 328 Phone: (612) 337-4369 Fax: 31(0)30 2808
   301 Fax: (612) 332-9013 EMail: E.Molenbroek@ecofys.nl EMail:
   lmorrissey@hga.com Arturo Morales-Acevedo Mr. Thomas Morton CINVESTAV -
   IPN Ohio Aerospace Institute Mexico 07360 21000 Brookpark Road Mexico
   MS 302-1 Phone: 52 5747 3781 Cleveland, OH 44135 Fax: 52 5747 7114
   United States EMail: amorales@gosparin.solar.cinvestov.mx Phone: (216)
   433-6287 Fax: (216) 433-6106 Don Morel EMail:
   thomas.morton@grc.nasa.gov University of South Florida 4202 E. Fowler
   Ave Helio Moutinho Tampa, FL 33620 NREL United States Mail Stop 3215
   Phone: (813) 974-2508 1617 Cole Blvd Fax: (813) 974-5250 Golden, CO
   80401 EMail: morel@eng.usf.edu Phone: (303) 384-6457 Fax: (303)
   384-6604 Mr. Nobuaki Mori EMail: helio_moutinho@nrel.gov PV Tech
   Research Association Varada Mudumbai Rajan 1-22-12 Otowa , Bunkyo-ku
   Polyene Film Industries, Ltd. Tokyo 112-0013 A 11 & 12 Industrial
   Estate Japan Guindy Phone: 81 3 3946 2451 Chennai (Madras) TN 600 032
   Fax: 81 3 3946 6261 India EMail: pvtec-mori@asahi.email.ne.jp Phone: 91
   44 234 2306 Fax: 91 44 234 1470 Scott Morrison EMail:
   polyeneg@giasnid01.vsnl.inet.in MV Systems Inc. 17301 West Colfax Ave
   Ste 305 Golden, CO 80401 United States Phone: (303) 271-9907 Fax: (303)
   271-0771 EMail: Mr. Robert Mueller Mr. David Murphy CIT/JPL AEC-Able
   Engineering Co., Inc. 4800 Oak Grove Drive 7200 Hollister Avenue MS
   303-308 Goleta, CA 93117-2807 Pasadena, CA 91109 United States United
   States Phone: (805) 690-2439 Phone: (818) 354-0694 Fax: (805) 685-1369
   Fax: (818) 393-4272 EMail: dmurphy@aec-able.com EMail:
   Robert.L.Mueller@jpl.nasa.gov Mr. Daryl Myers Mr. Hans-Juergen Muffler
   NREL Hahn-Meitner-Institut 1617 Cole Blvd Glienicker Str. 100 MS 3411
   Berlin 14109 Golden, CO 80401 Germany United States Phone: 49 30 8062
   3196 Phone: (303) 384-6768 Fax: 49 30 8062 3199 Fax: (303) 384-6391
   EMail: muffler@hmi.de EMail: daryl_myers@nrel.gov Jean-Claude Muller
   Valerie Nadorov CNRS KVANT 23 rue du Loess 3-d Mytischinskaya, 16
   Strasbourg 67200 Moscow 129626 France Russia Phone: 33 3 8810 6330
   Phone: 709 5287 9742 Fax: 33 3 8810 6335 Fax: 7287 1871 EMail:
   muller@phase.c-strasbourg.fr EMail: kvanteko@mail.cnt.ru William
   Mulligan Mr. Tomonori Nagashima SunPower Corporation Toyota Motor
   Corporation 430 Indio Way 1200 Mishuku Sunnyvale, CA 94086 Shizuoka
   United States Susono 410-1193 Phone: (408) 524-9732 Japan Fax: (408)
   739-7713 Phone: 81 559 97 7902 EMail: bmulligan@sunpowercorp.com Fax:
   81 559 97 7884 EMail: nagasima@square.mk.toyota.co.jp Mr. Adolf Munzer
   Siemens Solar, GmbH Otto-Hahn-Ring 6 Munchen D-81739 Germany Phone: 49
   89 636 59181 Fax: 49 89 636 58791 EMail: adolf.muenzer@solar.siemens.de
   Mr. Hiroshi Nagayoshi Mr. Hiroyuki Nakamura Shoman Institute of
   Technology J.Q.A. 1-1-25 Nishikaigan 1084-2 Hatsuoi-cho Tsujido
   251-8511 Shizuoka-ken Japan Hamamatsu-shi 433 8112 Phone: 81 466 30
   0197 Japan Fax: 81 466 35 8897 Phone: 81 53 433 2731 EMail:
   nagayosi@shoman-it.ac.jp Fax: 81 53 433 2786 EMail:
   jqa01029@nifty.ne.jp Mr. Gaurav Naik SUNY at Buffalo Futoshi Nakanishi
   147 W. Winspear Avenue Kumamoto University Buffalo, NY 14214-1161
   2-39-1 Kuvokami United States Kumamoto 860-8555 Phone: (716) 308-4779
   Japan Fax: (716) 645-5964 Phone: 81 96 342 3620 EMail:
   gnaik@acsu.buffalo.edu Fax: 81 96 342 3630 EMail:
   f-naka@st.eecs.kumamoto-u.ac.jp Mr. Tokio Nakada Aoyama Gakuin
   University Enebish Namjil Setagaya-ku Authority of Mongolia Tokyo 157
   8572 Authority of Mongolia Japan Ulaanbaatar 20 Phone: 81 3 5384 1111
   Mongolia Fax: 81 3 5384 6410 Phone: 976 1 361682 EMail:
   nakada@ee.aoyama.ac.jp Fax: 976 1 369 825 EMail: enebish@magicnet.mn
   Mr. Shogo Nakade Nokia-Japan, Co, Ltd Authi Narayanan 2-13-5 Nagata-cho
   HRL Laboratories, LLC Chiyoda-ku Mail Station RL-64 Tokyo 100-0014 3011
   Malibu Canyon Road Japan Malibu, CA 90265 Phone: 81 3 3592 3531 United
   States Fax: 81 3 3592 3555 Phone: (310) 317-5076 EMail:
   shogo.nakade@hokia.com Fax: (310) 317-5485 EMail: aaNarayanan@HRL.com
   Kazuo Nakajima IMR. Tohoku University Sendai 980 8577 Japan Phone: 81
   22 215 2010 Fax: 81 22 215 2011 EMail: nakajima@imr.tohoku.ac.jp Hameed
   Naseem Matthias Nell University of Arkansas Hahn-Meitner-Inst 3217 BEC,
   c/o tv-Berlin, IMF Fayetteville, AR 72701 Sekr. 710 United States
   Berlin D-10623 Phone: (501) 575-6052 Germany Fax: (501) 575-7967 Phone:
   49 30 314 26803 EMail: han@engr.uark.edu Fax: 49 30 314 26804 EMail:
   nell@imf.ee.tv-berlin.de Mr. Oliver Nast Hahn-Meitner-Institute Jenny
   Nelson Kekutestr. 5 Imperial College Berlin D 12489 Prince Consort Road
   Germany London SW7 2BZ Phone: 49 30 67053 305 United Kingdom Fax: 49 30
   67053 333 Phone: 44 20 7594 7581 EMail: nast@hmi.de Fax: 44 20 7594
   7580 EMail: jenny.nelson@ic-ac.uk Mr. Yoshiyuki Nasuno Sharp
   Corporation Dirk-Holger Neuhaus Kitakatsuragi-gun University of New
   South Wales Nara 639 2198 Sydney NSW 2052 Japan Australia Phone: 81 298
   61 3367 Phone: 61 2 9385 4054 Fax: 81 298 61 3363 Fax: 61 2 9385 5412
   EMail: nasuno@etl.go.jp EMail: dirkn@ee.unsw.edu.au Mr. Takayuki Negami
   Sinh Ngo Duong Matsushita Electric Ind.Co. Ltd Inst. For Physical High
   Technology 3-4 Hikaridai Frobelstieg 3 Soraku-gun Jena D-07743 Kyoto
   619 0237 Germany Japan Phone: 49 3641 3026 46 Phone: 81 774 98 2518
   Fax: 49 3641 3026 03 Fax: 81 774 98 2586 EMail: sinh@ipht-jena.de
   EMail: negami@crl.mei.co.jp Johan Nijs Mr. James Negley IMEC Davis,
   Joseph & Negley Kapeldreef 75 3905 Laguna Vista Cove Leuven 3001
   Austin, TX 78746 Belgium United States
