http://www.pwd.reeusda.gov/pwd/pcontactlist.asp

                            Primary Contact List
     __________________________________________________________________

   The following is the list of Institutions that have Primary Contacts.

          Institutions Primary Contacts Email Address Phone Number
   Alabama Agricultural and Mechanical University Joiner, Beverly
   aamblj01@asnaam.aamu.edu 205-851-5781
   Alaska - Fairbanks, University of Wallace, Carolyn fnclw@uaf.edu
   9074747083
   Alaska, CES Harvie, Jayne fnjbh@uaf.edu 907-474-7246
   Alcorn State University Crawford, Jewel jec@lorman.alcorn.edu
   601-877-6127
   American Somoa Community College Whitaker, Carol
   whitakerc@rocketmail.com (684) 699-1575
   ARD - Association of 1890 Research Directors Rasberry, Anna Marie
   annam@saaesd.msstate.edu 662-325-1773
   Arizona, University of Smith, Judith smithjd@ag.arizona.edu
   520-621-7201
   Arkansas - Monticello, University of Wyatt, Nancy nwyatt@comp.uark.edu
   501-575-5650
   Arkansas - Pine Bluff, University of Manuel, Lillie
   manuel_l@vx4500.uapb.edu 870-543-8131
   Arkansas, University of Wyatt, Nancy nwyatt@comp.uark.edu 501-575-5650
   ASRED - Association of Southern Region Extension Directors Rasberry,
   Anna Marie annam@saaesd.msstate.edu 662-325-1773
   Auburn University Slick, Janine jslick@acesag.auburn.edu 334-844-3203
   Auburn University College of Sciences and Mathematics Slick, Janine
   jslick@acesag.auburn.edu 334-844-3203
   Auburn University College of Veterinary Medicine Slick, Janine
   jslick@acesag.auburn.edu 334-844-3203
   Auburn University School of Human Sciences Slick, Janine
   jslick@acesag.auburn.edu 334-844-3203
   California - DANR, Browns Valley, University of Collins-Hubbard, Kay
   kay.collins-hubbard@ucop.edu (510)987-0859
   California - DANR, El Centro, University of Collins-Hubbard, Kay
   kay.collins-hubbard@ucop.edu (510)987-0859
   California - DANR, Exeter, University of Collins-Hubbard, Kay
   kay.collins-hubbard@ucop.edu (510)987-0859
   California - DANR, Five Points, University of Collins-Hubbard, Kay
   kay.collins-hubbard@ucop.edu (510)987-0859
   California - DANR, Hopland, University of Collins-Hubbard, Kay
   kay.collins-hubbard@ucop.edu (510)987-0859
   California - DANR, Irvine, University of Collins-Hubbard, Kay
   kay.collins-hubbard@ucop.edu (510)987-0859
   California - DANR, Santa Clara, University of Collins-Hubbard, Kay
   kay.collins-hubbard@ucop.edu (510)987-0859
   California - DANR, Shafter, University of Collins-Hubbard, Kay
   kay.collins-hubbard@ucop.edu (510)987-0859
   California - DANR, Tulelake, University of Collins-Hubbard, Kay
   kay.collins-hubbard@ucop.edu (510)987-0859
   California - Kearney Agricultural Center, University of Steinwand,
   Norma nray@uckac.edu 2096466543
   California College of Agriculture and Env Sci - Davis, University of
   Krek, CeCe cmkrek@ucdavis.edu 530-752-1610
   California College of Natural and Ag Sciences - Riverside, University
   of Wood, Jan jan.wood@ucr.edu 9097873105
   California College of Natural Resources - Berkeley, University of Lane,
   Barbara babs@nature.berkeley.edu (510)643-9678
   California Division of Biological Sciences - Davis, University of Krek,
   CeCe cmkrek@ucdavis.edu 530-752-1610
   California Polytechnic State University Pillsbury, Norman H.
   Norm_Pillsbury@nrm.calpoly.edu 805-756-2702 (756-1402)
   California School of Veterinary Medicine - Davis, University of Kanoho,
   Sue sjkanoho@ucdavis.edu 916-752-6865
   California, University of Collins-Hubbard, Kay
   kay.collins-hubbard@ucop.edu (510)987-0859
   Clemson University Bridges, Nelle nbrdgs@clemson.edu (864)656-3141
   College of Micronesia Jackson, Robert 6913202728
   Colorado St. Univ. College of Veterinary Medicine and Bio Sci Kaveny,
   Jill jkaveny@vines.colostate.edu 970-491-5372
   Colorado State University Kaveny, Jill jkaveny@vines.colostate.edu
   970-491-5372
   Colorado State University College of Agricultural Sciences Kaveny, Jill
   jkaveny@vines.colostate.edu 970-491-5372
   Colorado State University College of Applied Human Sciences Kaveny,
   Jill jkaveny@vines.colostate.edu 970-491-5372
   Colorado State University College of Engineering Kaveny, Jill
   jkaveny@vines.colostate.edu 970-491-5372
   Colorado State University College of Liberal Arts Kaveny, Jill
   jkaveny@vines.colostate.edu 970-491-5372
   Colorado State University College of Natural Resources Kaveny, Jill
   jkaveny@vines.colostate.edu 970-491-5372
   Colorado State University College of Natural Sciences Kaveny, Jill
   jkaveny@vines.colostate.edu 970-491-5372
   Connecticut Agricultural Experiment Station Gough, Paul
   paul.gough@po.state.ct.us 203-974-8446
   Connecticut, University of Hull, Larisa lhull@canr.uconn.edu
   860-486-2918
   Cornell University Depew, Elaine ded7@cornell.edu 607-255-2224
   Cornell University College of Veterinary Medicine Wood, Judy
   jrw7@cornell.edu 607-253-3755
   Delaware State University Noel, Donna dnoel@dsc.edu 302-739-4929
   Delaware, University of Kinney, Cathy kinney@udel.edu 302-831-6757
   District of Columbia, University of Ali, Ms. Wali mooreaes@erols.com
   2022745215
   Duke University School of the Environment Nettleton, Elizabeth
   nettleto@acpub.duke.edu 919-613-8002
   Florida A&M University Hollinger, Delois dhollinger@famu.edu (850)
   599-3770
   Florida, University of Smith, Linda lasm@gnv.ifas.ufl.edu 3523921787
   Fort Valley State College Black, Maude blackm@mail.fvsu.edu
   912-825-6344
   Georgia Agricultural Experiment Station Blyden, Valarie vblyden@uga.edu
   706-542-2151
   Georgia Coastal Plain Experiment Station (Tifton) Blyden, Valarie
   vblyden@uga.edu 706-542-2151
   Georgia Coastal Plain Experiment Station (Tifton) Blyden, Valerie
   vblyden@uga.cc.uga.edu 706-542-2151
   Georgia, University of Blyden, Valarie vblyden@uga.edu 706-542-2151
   Guam, University of Artero, Victor vartero@uog.edu (671) 735-2004
   Hawaii, University of Iwamura, Mrs. Harriet
   ta_dean1@avax.ctahr.hawaii.edu 8089568131 (8089568234)
   Idaho College of Forestry, Wildlife and Range Sciences, University of
   Bell, Pamela pambell@uidaho.edu 208-885-6658
   Idaho, University of Davis, Denise ddavis@uidaho.edu 208-885-7173
   Illinois, University of Benner, Tricia bennert@mail.aces.uiuc.edu
   217-333-0460
   Iowa State University of Science and Technology Good, Cathy
   cgood@iastate.edu 515-294-4544
   Iowa State University of Science and Technology VET MED, Kathy Thomas
   kathomas@iastate.edu (515) 294-5776
   Kansas State University Furbee, Bob bfurbee@oz.oznet.ksu.edu
   785-532-5804
   Kansas State University Heiens, Linda lheiens@ksu.edu 785-532-5500
   Kentucky State University Barney, Robert rbarney@mis.net 502-227-6178
   Kentucky, University of Poe, Pam ppoe@ca.uky.edu (606) 257-4772
   Langston University Manning, Jean jbmanning@lunet.edu (405)466-3424
   Lincoln University Darden, Troy S. dardent@lincolnu.edu 573-681-5587
   Louisiana State University Dunaway, Vicki vbernard@agctr.lsu.edu
   225-578-4181
   Louisiana Tech University Echols, Linda lechols@rans.latech.edu
   318-257-4986
   Maine, University of Round, Judith round@maine.maine.edu 207-581-3229
   Maryland Eastern Shore, University of Harting Travers, Katherine
   kharting@umes-bird.umd.edu 410-651-6084
   Maryland, University of Flynn, Ruth Ann rf50@umail.umd.edu 3014052462
   Massachusetts, University of Duda, Holly hduda@fnr.umass.edu
   (413)545-5912
   Michigan State University McCaffrey, Debbie debbiem@pilot.msu.edu
   517-355-0123
   Michigan Technological University Jurgensen, Mary thefinn@mtu.edu
   906-487-2953
   Minnesota, University of Sanborne, Ruth sanbo001@maroon.tc.umn.edu
   612-625-5795
   Mississippi State University Mann, Larry larrym@mces.msstate.edu
   6013258594
   Mississippi State University Davis, Mark mdavis@cfr.msstate.edu
   601-325-0186
   Mississippi State University Rhoades, Barbara rhoades@cvm.msstate.edu
   601-325-1418
   Mississippi State University Cheatham, Danny cheatham@dafvm.msstate.edu
   601 325-7911
   Missouri, University of Petrillose, Judy petrillosej@missouri.edu
   573-882-8295
   Montana State University Heck, Diane dheck@montana.edu 406-994-3681
   Montana State University - Ag Econ/Econ Gwin, Rebecca
   zae7004@montana.edu 406-994-3703
   Montana State University - Animal & Range Science Huenergardt, Mary
   maryh@montana.edu 406-994-3721
   Montana State University - Entomology Lewis, Meredith
   mlewis@montana.edu 406-994-3861
   Montana State University - Land Resources & Environmental Sciences
   Humphrey, Peggy peggyh@montana.edu 406-994-5718
   Montana State University - Plant Sciences Decker, Irene
   decker@montana.edu 406-994-4832
   Montana State University - Veterinary Molecular Biology Haynes, Joan
   zvs7002@montana.edu 406-994-4706
   Montana State University - Western Ag Research Center Bjergo, Jackie
   jbjergo@montana.campus.mci.net 406-961-3025
   Montana, University of Shuck, Nancy nancys@selway.umt.edu 4062435522
   NCRA - North Central Reg. Assoc. of AES Directors Rasberry, Anna Marie
   annam@saaesd.msstate.edu 662-325-1773
   Nebraska, University of Dill, Dora agrr005@unlvm.unl.edu 4024722045
   NERA - Northeastern Reg. Assoc. of State AES Directors Rasberry, Anna
   Marie annam@saaesd.msstate.edu 662-325-1773
   Nevada - Reno, University of Kennedy, Donald W.
   dkennedy@agnt1.ag.unr.edu 702-784-6239
   Nevada - Reno, University of Moore, Robert rdmoore@unr.edu (775)
   784-4551
   New Hampshire, University of Neri, Cathy cjneri@cisunix.unh.edu 603
   862-1452
   New Mexico State University Loring, Steven sloring@nmsu.edu
   505-646-1464
   New York State Agricultural Experiment Station Hibbard, Charene
   cah3@cornell.edu 315-787-2210
   North Carolina Agricultural and Technical State University Forbes,
   Benjamin forbesb@ncat.edu 336-334-7043
   North Carolina State University Kimsey, Ray Ray_Kimsey@ncsu.edu
   919-515-8449
   North Dakota State Univ. of Agriculture and Applied Science Rogers,
   Cathy crogers@ndsuext.nodak.edu (701)231-7655
   Northern Mariana College Moore, Dr. Aubrey aubrey_moore@cup.portal.com
   6702349023
   Ohio Agricultural Research and Development Center Kieffaber, Eileen S.
   kieffaber.1@osu.edu 330-263-3718
   Ohio State University Whiting, Larry whiting.2@osu.edu (614) 292-2011
   Oklahoma State University Speaker, Patty Speaker@okstate.edu
   405-744-5398
   Oregon State University Leslie, Karel karel.leslie@orst.edu
   541-737-7125
   Oregon State University College of Forestry Stevens, Tresa
   stevenst@ccmail.orst.edu 541-737-1585
   Oregon State University College of Home Economics Leslie, Karel
   karel.leslie@orst.edu 541-737-7125
   Oregon State University College of Veterinary Medicine King, Brittany
   kingbr@ccmail.orst.edu (541) 737-6926
   Pennsylvania - School of Vet Medicine, University of Ardis, Kelly
   kda@phl.vet.upenn.edu 215 898-4597
   Pennsylvania State University Evancho, Kim mke2@psu.edu 814-863-3452
   Prairie View A&M University Baines, Neal neal_baines@pvamu.edu
   409-857-4051 (4051)
   Puerto Rico, University of Zapatos, Mildred
   a_sotomayor_rios@hotmail.com (787) 833-3486
   Purdue University Oland, Sherry slo@aes.purdue.edu 765-494-8370
   Rhode Island, University of Ford, Maggie mcford@uriacc.uri.edu (401)
   874-2957
   Rutgers, The State University of New Jersey Willis, Mary Jane
   willis@aesop.rutgers.edu (732)932-9306
   Rutgers, The State University of New Jersey Thompson, Marcia
   thompson@aesop.rutgers.edu (732)932-8945 (609)
   SAAESD - Southern Assoc. of AES Directors Rasberry, Anna Marie
   annam@saaesd.msstate.edu 662-325-1773
   South Carolina State University Corbett, Angela corbettam@scsu.edu
   803-536-8464
   South Dakota State University Ruston, Sandy rustens@mg.sdstate.edu
   605-688-4149
   South Dakota State University Lush, Jeanne jeanne_lush@sdstate.edu
   605-688-5134
   Southern Illinois University Cludray, Patti L plc1@siu.edu 618-453-3341
   Southern University Gage, Julia jgage82204@aol.com 504-771-2242
   SUNY College of Environmental Science and Forestry Artz, Don
   deartz@syr.edu 315-470-6606
   Tennessee State University Catlin Jr., Carter catlinc@harpo.tnstate.edu
   615-963-5819
   Tennessee State University Martin, Nan martinn@harpo.tnstate.edu
   615-963-5827
   Tennessee, University of Fehling, Lois lfehling@utk.edu 865-974-7275
   Texas A&M University Hensz, Robert r-hensz@tamu.edu 409-845-4766
   Texas A&M University Hensz-Extension, r-hensz@tamu.edu
   Tufts University School of Veterinary Medicine Colburn, Lois C.
   lcolburn@infonet.tufts.edu 5088395302
   Tuskegee University Bonsi, Conrad cobonsi@acd.tusk.edu 3347278333
   USDA - ARS, Coastal Plains Soil, Water, and Plants Research Center
   Whitesides, Ellen 803 669-5203 x102 (102)
   USDA - ARS, U. S. Vegetable Lab Rhoad, Barbara brhoad@awod.com (843)
   556-0840
   USDA - CSREES Meisenbach, Terry
   USDA - CSREES McNamara, Jerome (Jerry) jmcnamara@reeusda.gov
   202-720-3007
   Utah State University of Agriculture and Applied Science Nielson, Judy
   judyn@agx.usu.edu 435 797-2282
   Vermont, University of Lockerby, Robin rlockerb@zoo.uvm.edu
   802-656-2990
   Virginia Polytechnic Institute and State University Wolfe, Suella
   swolfe@vt.edu 540-231-6986
   Virginia State University Gee, William wgee@vsu.edu 804-524-5005
   WAAESD - Western Assoc. of AES Directors Rasberry, Anna Marie
   annam@saaesd.msstate.edu 662-325-1773
   Washington - College of Forest Resources, University of Carlson, Joyce
   joysea@u.washington.edu 2066854959
   Washington State University Brooks, Sheila sbrooks@wsu.edu 509-335-4563
   West Virginia University McDonald, April amcdonal@wvu.edu 304-293-2395
   (4530)
   West Virginia University Tucker, Jean jtucker@wvu.edu 304-293-4421
   (4540)
   Wisconsin, University of Hillmer, Carol chillmer@facstaff.wisc.edu
   (608) 262-2397
   Wyoming, University of Bertoncelj, Kathleen KathBert@uwyo.edu
   307-766-3667
