http://www.emc.ncep.noaa.gov/information/personnel/index.html

                                     EMC

                       Phone List (Dial 301-763-8000)

                              Fax: 301-763-8545

               Name             Ext.              Email Address
   ALPERT, JORDAN               7205          Jordan.Alpert@noaa.gov
   BALASUBRAMANIYAN, BHAVANI    7258     Bhavani.Balasubramaniyan@noaa.gov
   BEHRINGER, DAVE              7551         David.Behringer@noaa.gov
   BENDER, STACIE               7292          Stacie.Bender@noaa.gov
   BLACK, TOM                   7218            Tom.Black@noaa.gov
   BRANDTS, PAM                 7259           Pam.Brandts@noaa.gov
   BUA, BILL                    7244             Bill.Bua@noaa.gov
   BURROUGHS, LARRY             7209        Lawrence.Burroughs@noaa.gov
   CAMPANA, KEN                 7228         Kenneth.Campana@noaa.gov
   CAPLAN, PETE                 7229           Peter.Caplan@noaa.gov
   CHALIKOV, DMITRY             7239         Dmitry.Chalikov@noaa.gov
   CHAO, YUNG                   7210            Yung.Chao@noaa.gov
   CHEN, HSUAN                  7211            Hsuan.Chen@noaa.gov
   CHUANG, HUI-YA               7219          Hui-Ya.Chuang@noaa.gov
   DERBER, JOHN                 7230           John.Derber@noaa.gov
   DIMEGO, GEOFF                7221           Geoff.Dimego@noaa.gov
   DU, JUN                      7277              Jun.Du@noaa.gov
   EK, MIKE                     7260            Michael.Ek@noaa.gov
   ESTRADE, JEAN-FRANCOIS       7255      Jean-Francois.Estrade@noaa.gov
   FALKOVICH, ALEKSANDR         7241       Aleksandr.Falkovich@noaa.gov
   FALVEY, ROBERT               7105          Robert.Falvey@noaa.gov
   FAUNCE, LISA                 7203           Lisa.Faunce@noaa.gov
   FERRIER, BRAD                7290           Brad.Ferrier@noaa.gov
   GEMMILL, BILL                7212         William.Gemmill@noaa.gov
   GERALD, VERA                 7213           Vera.Gerald@noaa.gov
   GOPALAKRISHNAN, SUNDARARAMAN 7293             Sgkrish@noaa.gov
   GREEN, REGINA                7215           Regina.Green@noaa.gov
   GRUMBINE, BOB                7214         Robert.Grumbine@noaa.gov
   GRUNMANN, PABLO              7269          Pablo.Grunmann@noaa.gov
   HARPER, SCOTT                7596           Scott.Harper@noaa.gov
   HOU, YUTAI                   7287            Yu-Tai.Hou@noaa.gov
   IREDELL, MARK                7231           Mark.Iredell@noaa.gov
   JANJIC, ZAVISA               7243          Zavisa.Janjic@noaa.gov
   JIN, YI                      7257              Yi.Jin@noaa.gov
   JUANG, HENRY                 7517           Henry.Juang@noaa.gov
   KAR, SAJAL                   7289            Sajal.Kar@noaa.gov
   KARYAMPUDI, MOHAN            7316         Mohan.Karyampudi@noaa.gov
   KATZ, BERT                   7261            Bert.Katz@noaa.gov
   KEYSER, DENNIS               7223          Dennis.Keyser@noaa.gov
   KISTLER, BOB                 7232          Robert.Kistler@noaa.gov
   KRASNOPOLSKY, VLADIMIR       7262      Vladimir.Krasnopolsky@noaa.gov
   KUMAR, ARUN                  7579            Arun.Kumar@noaa.gov
   LIN, YING                    7248             Ying.Lin@noaa.gov
   LIU, QINGFU                  7264            Qingfu.Liu@noaa.gov
   LOHMANN, DAG                 7278           Dag.Lohmann@noaa.gov
   LORD, STEVE                  7202           Stephen.Lord@noaa.gov
   MACCOY, JOHN                 7282           John.Maccoy@noaa.gov
   MANIKIN, GEOFF               7263         Geoffrey.Manikin@noaa.gov
   MASUTANI, MICHIKO            7254         Michiko.Masutani@noaa.gov
   MENG, JESSE                  7283            Jesse.Meng@noaa.gov
   MESINGER, FEDOR              7249          Fedor.Mesinger@noaa.gov
   MICHELS, KAREN               7009          Karen.Michels@noaa.gov
   MITCHELL, KEN                7225         Kenneth.Mitchell@noaa.gov
   MOORTHI, SHRINIVAS           7233        Shrinivas.Moorthi@noaa.gov
   NADIGA, SUDHIR               7593          Sudhir.Nadiga@noaa.gov
   NEWELL, BILLY                7206           Billy.Newell@noaa.gov
   OCONNOR, BILL                7245         William.Oconnor@noaa.gov
   PAN, HUA-LU                  7234            Hualu.Pan@noaa.gov
   PARRISH, DAVE                7226          David.Parrish@noaa.gov
   PECNICK, MIKE                7265           Mike.Pecnick@noaa.gov
   PETERS, JAMIE                7280           Jamie.Peters@noaa.gov
   PETERSEN, RALPH              7200          Ralph.Petersen@noaa.gov
   PONDECA, MANUEL              7224          Manuel.Pondeca@noaa.gov
   PURSER, JIM                  7267            Jim.Purser@noaa.gov
   PYLE, MATT                   7242           Matthew.Pyle@noaa.gov
   RAO, D B                     7207          Desiraju.B.Rao@noaa.gov
   RICKETT, CRYSTAL             7201         Crystal.Rickett@noaa.gov
   RIVIN, ILYA                  7266            Ilya.Rivin@noaa.gov
   ROGERS, ERIC                 7227           Eric.Rogers@noaa.gov
   ROZWODOSKI, MARK             7235         Mark.Rozwodoski@noaa.gov
   SAHA, SURANJANA              7236          Suranjana.Saha@noaa.gov
   SELA, JOE                    7237             Joe.Sela@noaa.gov
   SHAFRAN, PERRY               7240          Perry.Shafran@noaa.gov
   SHEININ, DMITRY              7582          Dmitry.Sheinin@noaa.gov
   SHEN, WEIXING                7208           Weixing.Shen@noaa.gov
   STOKES, DIANE                7581           Diane.Stokes@noaa.gov
   SU, XIUJUAN                  7271            Xiujuan.Su@noaa.gov
   SURGI, NAOMI                 7285           Naomi.Surgi@noaa.gov
   TAHARA, YOSHIHIKO            7256         Yoshihiko.Tahara@noaa.gov
   TOLMAN, HENDRIK              7253          Hendrik.Tolman@noaa.gov
   TOTH, ZOLTAN                 7268           Zoltan.Toth@noaa.gov
   TRACTON, STEVE               7222          Steve.Tracton@noaa.gov
   TREADON, RUSS                7252           Russ.Treadon@noaa.gov
   VANDELST, PAUL               7274          Paul.Vandelst@noaa.gov
   WANG, WANQIU                 7571           Wanqui.Wang@noaa.gov
   WEI, MOZHENG                 7276           Mozheng.Wei@noaa.gov
   WHITE, GLENN                 7238           Glenn.White@noaa.gov
   WOBUS, DICK                  7270          Richard.Wobus@noaa.gov
   WOOLLEN, JACK                7271           Jack.Woollen@noaa.gov
   WU, WAN-SHU                  7273            Wanshu.Wu@noaa.gov
   YANG, FANGLIN                7550           Fanglin.Yang@noaa.gov
   YANG, RONGQIAN               7251          Rongqian.Yang@noaa.gov
   YANG, WEIYU                  7279            Weiyu.Yang@noaa.gov
   YOUNG, MIKE                  7110         Michael.A.Young@noaa.gov
   YU, TSANN                    7217             Tsann.Yu@noaa.gov
   ZHOU, SISONG                 763-8346       Sisong.Zhou@noaa.gov
   ZHU, YUEJIAN                 7275           Yuejian.Zhu@noaa.gov
