http://ic-www.arc.nasa.gov/people/index.html

   <back>

   COMPUTATIONAL SCIENCES DIVISION
   STAFF DIRECTORY
   UPDATED NOVEMBER 19th, 2001
   _______________________________________________________________________

   Last Name First Name Contract Extension Email URL
   Agabon Shane QSS NA agabon@ptolemy.arc.nasa.gov
   Alena Richard L Civil Servant 604-0262 ralena@mail.arc.nasa.gov
   Allan Mark QSS 604-0537 mallan@ptolemy.arc.nasa.gov
   Andrews Linda QSS 604-6183 landrews@mail.arc.nasa.gov
   Aragon Cecilia Civil Servant 604-0458 aragon@ptolemy.arc.nasa.gov
   Bachmann Andrew QSS 604-0943 bachmann@ptolemy.arc.nasa.gov
   Bajwa Anupa RIACS 604-1851 anupa@ptolemy.arc.nasa.gov
   Balaban Edward QSS 604-5655 balaban@ptolemy.arc.nasa.gov
   Bandari Esfandiar RIACS 604-3117 bandari@mail.arc.nasa.gov
   Bansal Schweta Civil Servant NA sbansal@mail.arc.nasa.gov
   Bardina Jorge E. Civil Servant 604-2150 jbardina@mail.arc.nasa.gov
   Barrows Lester Asani 604-2639 barrows@ptolemy.arc.nasa.gov
   Bass Kevin QSS 604-0161 kbass@artemis.arc.nasa.gov
   Becker Marcel Kestrel
   Bongiovanni Zachary Ed Assoc NA zbongiovanni@mail.arc.nasa.gov
   Bower John Ames Assoc NA
   Bowman Judd QSS 604-0183 judd@ptolemy.arc.nasa.gov
   Boyd Mark A Civil Servant 604-3678 mboyd@mail.arc.nasa.gov
   Brat Guillaume Kestrel 604-1105 brat@ptolemy.arc.nasa.gov
   Bresina John L Civil Servant 604-3365 bresina@ptolemy.arc.nasa.gov
   /bresina/index.html
   Britten Roy QSS (FN) 604-4532 rbritten@mail.arc.nasa.gov
   Brodsky Boris SAIC 604-2840
   Brooks Walter F RIACS 604-5699 wbrooks@mail.arc.nasa.gov
   Brownston Lee QSS 604-2010 lbrownston@ptolemy.arc.nasa.gov
   Brummett Pattie QSS 604-0999 pbrummett@mail.arc.nasa.gov
   Bualat Maria G Civil Servant 604-4250 mbualat@mail.arc.nasa.gov
   Cannon Howard Civil Servant 604-4606 hcannon@ptolemy.arc.nasa.gov
   Carbajal Michelle Cube 604-2089 mcarbajal@mail.arc.nasa.gov
   Carvalho Robert E Civil Servant 604-3593 rcarvalho@mail.arc.nasa.gov
   Casadonte Brett Asani 604-1925 bcasadon@ptolemy.arc.nasa.gov
   Chan Louise SAIC 604-3377 lchan@ptolemy.arc.nasa.gov
   Chang Hyo Civil Servant 604-4277 hchang@mail.arc.nasa.gov
   Cheeseman Peter C RIACS 604-4946 cheesem@ptolemy.arc.nasa.gov
   Chiang Ling-Jen CSC 604-1551 lchiang@mail.arc.nasa.gov
   Cho Young Chung Civil Servant 604-4139 ycho@mail.arc.nasa.gov
   Christian Daniel Civil Servant 604-4507 dchristian@mail.arc.nasa.gov
   Clancey William IPA 604-2526 bclancey@mail.arc.naga.gov
   Clancy Daniel IPA 604-2257 clancy@ptolemy.arc.nasa.gov
   Clani Michael NTTC Student 604-2141 clani@ptolemy.arc.nasa.gov
   Clearwater Yvonne Civil Servant 604-5937 yclearwater@mail.arc.nasa.gov

   Colombano Silvano P Civil Servant 604-4380 scolomban@mail.arc.nasa.gov

   Coughlan Joe Civil Servant 604-5689 jcoughlan@mail.arc.nasa.gov
   Crawford James RIACS 604-1139
   Curry Charles R QSS 604-1319 ctc@ptolemy.arc.nasa.gov
   Dave Satyam DeAnza 604-0804 satyam@ptolemy.arc.nasa.gov
   Dayrit Heath Asani 604-5715 dayrit@ptolemy.arc.nasa.gov
   Dearden Richard RIACS 604-5616 dearden@ptolemy.arc.nasa.gov
   Degani Asaf Civil Servant 604-0013 adegani@mail.arc.nasa.gov
   Del Alto Martha E Civil Servant 604-4865 md@ptolemy.arc.nasa.gov
   Delmundo Rommel QSS NA
   Desiano Salvtore QSS 604-0407 sal@ptolemy.arc.nasa.gov
   Dinh Benjamin FCCD/DeAnza 604-6258 bendinh@ptolemy.arc.nasa.gov
   Dorais Greg Civil Servant 604-4851 gadorais@ptolemy.arc.nasa.gov
   D'Ortenzio Matthew Civil Servant 604-1715 mdortenz@ptolemy.arc.nasa.gov

   Duffy Robert Civil Servant 604-3591 duffy@ptolemy.arc.nasa.gov
   Edgington William R QSS 604-4193 wedgingt@ptolemy.arc.nasa.gov
   Edwards Laurence Civil Servant 604-4710 ledwards@ptolemy.arc.nasa.gov
   Enomoto Francis Civil Servant 604-6133 fenomoto@mail.arc.nasa.gov
   Festa Jacqueline QSS 604-5714
   Filman Bob RIACS 604-1250 filman@ptolemy.arc.nasa.gov
   /filman/index.html
   Fischer Bernd RIACS 604-2977 fisch@ptolemy.arc.nasa.gov
   Fletcher Daryl SAIC 604-6054 dpfletcher@mail.arc.nasa.gov
   Flueckiger Lorenzo QSS 604-5129 lorenzo@artemis.arc.nasa.gov
   Fogtman Anita SAIC NA fogtmana@saic.com
   Frank Jeremy Civil Servant 604-2524 frank@ptolemy.arc.nasa.gov
   /frank/index.html
   Franks Gerald QSS 604-2764 gfranks@mail.arc.nasa.gov
   Fry Charles R QSS 604-1882 chucko@ptolemy.arc.nasa.gov
   Giannakopoulou Dimitra RIACS 604-0504 dimitra@ptolemy.arc.nasa.gov
   Glass Brian J Civil Servant 604-3512 bglass@mail.arc.nasa.gov
   Goforth Andy Civil Servant 604-4809 agoforth@mail.arc.nasa.gov
   Goldberg Allen Kestrel 604-4858 goldberg@ptolemy.arc.nasa.gov
   Golden Keith Civil Servant 604-3585 kgolden@ptolemy.arc.nasa.gov
   /kgolden/index.html
   Grant Terry L Civil Servant 604-4200 tgrant@mail.arc.nasa.gov
   Greene Kevin SAIC 604-6522 keving@ptolemy.arc.nasa.gov
   Gundy-Burlet Karen Civil Servant 604-4475
   kgundyburlet@mail.arc.nasa.gov /kgundy/index.html
   Hagström Jon Guice Civil Servant 604-2822 jon@ptolemy.arc.nasa.gov
   Hamill Solange QSS 604-3378 solange@ptolemy.arc.nasa.gov
   Havelund Klaus Kestrel 604-3366 havelund@ptolemy.arc.nasa.gov
   Hayden Sandra QSS 604-1676 shayden@ptolemy.arc.nasa.gov
   Hine Butler IPA 604-4756 bhine@mail.arc.nasa.gov
   Ho Karena SAIC 604-6104 kho@ptolemy.arc.nasa.gov
   Hubbard Kim M Civil Servant 604-4827 khubbard@mail.arc.nasa.gov
   Huff Edward M Civil Servant 604-4870 ehuff@mail.arc.nasa.gov
   Huster Andreas Stanford NA huster@ptolemy.arc.nasa.gov
   Iverson David L Civil Servant 604-3115 diverson@mail.arc.nasa.gov
   Johan Sandra Civil Servant 604-4406 sjohan@mail.arc.nasa.gov
   Johnston Jeanette M Quantum 604-4051 jmjohnston@mail.arc.nasa.gov
   Jones Jeffrey Civil Servant 604-5577 jjones1@ptolemy.arc.nasa.gov
   Jonsson Ari RIACS 604-2799 jonsson@ptolemy.arc.nasa.gov
   Jorgensen Chuck Civil Servant 604-6725 cjorgensen@mail.arc.nasa.gov
   Kanefsky Bob QSS 604-3514 kanef@ptolemy.arc.nasa.gov
   Kaneshige John Civil Servant 604-0710 johnk@ptolemy.arc.nasa.gov
   Kaul Upender Civil Servant 604-2973 kaul@ptolemy.arc.nasa.gov
   Keely Leslie Civil Servant 604-0570 leslie@ptolemy.arc.nasa.gov
   Keller Richard M Civil Servant 604-3388 keller@ptolemy.arc.nasa.gov
   /keller/index.html
   Khatib Lina Kestrel 604-2972 lina@ptolemy.arc.nasa.gov
   Khouri Samir Asani 604-3895 khouri@ptolemy.arc.nasa.gov
   Knight Chris Civil Servant 604-3471 cknight@mail.arc.nasa.gov
   Kobayashi Linda Civil Servant 604-4233 kobi@ptolemy.arc.nasa.gov
   Kochavi Rebekah Ed Assoc NA
   Koga Dennis Civil Servant 604-6285 dkoga@mail.arc.nasa.gov
   Korsmeyer David J Civil Servant 604-3114 dkorsmeyer@mail.arc.nasa.gov
   Kosmatka Michael QSS 604-4162 mkosmatk@ptolemy.arc.nasa.gov
   Kraus William QSS 604-0832 bkraus@ptolemy.arc.nasa.gov
   Krishnakumar Kalmanje Civil Servant 604-2417 kkumar@mail.arc.nasa.gov
   Kuehnel Frank RIACS 604-5957 kuehnel@ptolemy.arc.nasa.gov
   Kulkarni Deepak S Civil Servant 604-4869 kulkarni@ptolemy.arc.nasa.gov

   Kunz Clay QSS 604-4729 ckunz@mail.arc.nasa.gov
   Kurien James Civil Servant 604-4745 kurien@ptolemy.arc.nasa.gov
   La Tracy CSC 604-1083 tla@mail.arc.nasa.gov
   Lau Sonie Civil Servant 604-4944 slau@mail.arc.nasa.gov
   Lawson John Civil Servant 604-0828 lawson@ptolemy.arc.nasa.gov
   Lee Jeffrey Civil Servant 604-5693 jmlee@mail.arc.nasa.gov
   Lee Diana SAIC 604-0535 diana@ptolemy.arc.nasa.gov
   Leidich Christopher A Civil Servant 604-3677 cleidich@mail.arc.nasa.gov

   Levinson Rich QSS 604-5186 rich@ptolemy.arc.nasa.gov
   Li Yining DeAnza NA yli@ptolemy.arc.nasa.gov
   Lin Janessa Civil Servant 604-4301 jylin@mail.arc.nasa.gov
   Linde Charlotte Civil Servant 604-3649 clinde@mail.arc.nasa.gov
   Lindsay Ken QSS 604-3181 kl@ptolemy.arc.nasa.gov
   Linton Matthew Asani 604-6381 mlinton@ptolemy.arc.nasa.gov
   Little Carson Asani 604-3735 carson@ptolemy.arc.nasa.gov
   Loch John RIACS 604-0727 loch@artemis.arc.nasa.gov
   Lohn Jason Civil Servant 604-5138 jlohn@ptolemy.arc.nasa.gov
   /jlohn/index.html
   Lowry Michael R Civil Servant 604-3369 lowry@ptolemy.arc.nasa.gov
   Luk Johnny DeAnza 604-1666 jluk@mail.arc.nasa.gov
   Mah Robert W Civil Servant 604-6044 rmah@mail.arc.nasa.gov
   Maluf David RIACS 604-0611 maluf@ptolemy.arc.nasa.gov
   Martin Kevin SAIT 604-2088 krmartin@ptolemy.arc.nasa.gov
   Matthews Bryan Ed Assoc NA
   McClenahen James Raytheon/STX 604-3367 jmcclenahen@mail.arc.nasa.gov
   McDermott William J Civil Servant 604-5650 bmcdermott@mail.arc.nasa.gov

   McIntosh Dawn Civil Servant 604-0157 dmcintos@ptolemy.arc.nasa.gov
   McNames James QSS Sub (SPA) 604-1938
   Meade Andrew IPA
   Meuleau Nicolas QSS/FN
   Miller David IPA 604-4911 dmiller@kipr.org
   Millonas Mark Civil Servant 604-6063 millonas@ptolemy.arc.nasa.gov
   Mitine Oleg Asani 604-1090 oleg@ptolemy.arc.nasa.gov
   Miya Eugene Civil Servant 604-4407 eugene@george.arc.nasa.gov
   Monahan Christine M Civil Servant NA cmonahan@mail.arc.nasa.gov
   Morris Paul Civil Servant 604-4713 pmorris@ptolemy.arc.nasa.gov
   Morris Robert Civil Servant 604-2974 morris@ptolemy.arc.nasa.gov
   Morris Robin RIACS 604-0158 rdm@ptolemy.arc.nasa.gov
   Morriss Allyn QSS 604-0959 amorriss@ptolemy.arc.nasa.gov
   Mosher Marianne Civil Servant 604-4055 mmosher@mail.arc.nasa.gov
   Musacchia Gabriella San Jose State NA gem@ptolemy.arc.nasa.gov
   Muscettola Nicola Civil Servant 604-4744
